,time,Schools,Schools,Schools,Schools,Schools,Schools,Schools,City,City,City,City,City,City,City,Suburbs,Suburbs,Suburbs,Suburbs,Suburbs,Suburbs,Suburbs,Trasportation,Trasportation,Travel_Schools,Travel_Schools,Travel_Schools,Travel_Schools,Travel_Schools,Travel_Schools,Travel_Schools,Travel_Schools,Travel_Schools,Travel_City,Travel_City,Travel_City,Travel_City,Travel_City,Travel_City,Travel_City,Travel_City,Travel_City,Travel_Suburbs,Travel_Suburbs,Travel_Suburbs,Travel_Suburbs,Travel_Suburbs,Travel_Suburbs,Travel_Suburbs,Travel_Suburbs,Travel_Suburbs
,t,faults,Infected,Susceptible,Recovered,In_R,Re_R,faults,faults,Infected,Susceptible,Recovered,In_R,Re_R,faults,faults,Infected,Susceptible,Recovered,In_R,Re_R,faults,faults,faults,In_I,In_S,In_R,Out_I,Out_S,Out_R,Stay_I,Stay_S,Stay_R,In_I,In_S,In_R,Out_I,Out_S,Out_R,Stay_I,Stay_S,Stay_R,In_I,In_S,In_R,Out_I,Out_S,Out_R,Stay_I,Stay_S,Stay_R
0,1,"{'nom', 'PL2', 'PL1'}",89.0,886.0,25.0,9.0,20.0,"{'nom', 'PL2', 'PL1'}","{'nom', 'PL2', 'PL1'}",89.0,886.0,25.0,9.0,20.0,"{'nom', 'PL2', 'PL1'}","{'nom', 'PL2', 'PL1'}",89.0,886.0,25.0,9.0,20.0,"{'nom', 'PL2', 'PL1'}",{'nom'},{'nom'},0,0,0,0,0,0,89,886,25,0,0,0,0,0,0,89,886,25,0,0,0,0,0,0,89,886,25
1,2,"{'nom', 'PL1'}",87.9854,873.1146,38.9,7.885400000000001,8.9,"{'nom', 'PL1'}","{'nom', 'PL1'}",87.9854,873.1146,38.9,7.885400000000001,8.9,"{'nom', 'PL1'}","{'nom', 'PL1'}",87.9854,873.1146,38.9,7.885400000000001,8.9,"{'nom', 'PL1'}",{'nom'},{'nom'},0,0,0,0,0,0,87,873,38,0,0,0,0,0,0,87,873,38,0,0,0,0,0,0,87,873,38
2,3,"{'nom', 'PL1'}",86.868993732684,860.432466267316,52.698539999999994,7.682133732684001,8.79854,"{'nom', 'PL1'}","{'nom', 'PL1'}",86.868993732684,860.432466267316,52.698539999999994,7.682133732684001,8.79854,"{'nom', 'PL1'}","{'nom', 'PL1'}",86.868993732684,860.432466267316,52.698539999999994,7.682133732684001,8.79854,"{'nom', 'PL1'}",{'nom'},{'nom'},0,0,0,0,0,0,86,860,52,0,0,0,0,0,0,86,860,52,0,0,0,0,0,0,86,860,52
3,4,"{'nom', 'PL1'}",85.65658461137294,847.9579760153587,66.3854393732684,7.474490251957333,8.6868993732684,"{'nom', 'PL1'}","{'nom', 'PL1'}",85.65658461137294,847.9579760153587,66.3854393732684,7.474490251957333,8.6868993732684,"{'nom', 'PL1'}","{'nom', 'PL1'}",85.65658461137294,847.9579760153587,66.3854393732684,7.474490251957333,8.6868993732684,"{'nom', 'PL1'}",{'nom'},{'nom'},0,0,0,0,0,0,85,847,66,0,0,0,0,0,0,85,847,66,0,0,0,0,0,0,85,847,66
4,5,"{'nom', 'PL1'}",84.35424456218045,835.6946576034138,79.95109783440569,7.2633184119448115,8.565658461137293,"{'nom', 'PL1'}","{'nom', 'PL1'}",84.35424456218045,835.6946576034138,79.95109783440569,7.2633184119448115,8.565658461137293,"{'nom', 'PL1'}","{'nom', 'PL1'}",84.35424456218045,835.6946576034138,79.95109783440569,7.2633184119448115,8.565658461137293,"{'nom', 'PL1'}",{'nom'},{'nom'},0,0,0,0,0,0,84,835,79,0,0,0,0,0,0,84,835,79,0,0,0,0,0,0,84,835,79
5,6,"{'nom', 'PL1'}",82.96825925864101,823.6452184507352,93.38652229062373,7.049439152678603,8.435424456218046,"{'nom', 'PL1'}","{'nom', 'PL1'}",82.96825925864101,823.6452184507352,93.38652229062373,7.049439152678603,8.435424456218046,"{'nom', 'PL1'}","{'nom', 'PL1'}",82.96825925864101,823.6452184507352,93.38652229062373,7.049439152678603,8.435424456218046,"{'nom', 'PL1'}",{'nom'},{'nom'},0,0,0,0,0,0,82,823,93,0,0,0,0,0,0,82,823,93,0,0,0,0,0,0,82,823,93
6,7,"{'nom', 'PL1'}",81.50507433493297,811.8115774485792,106.68334821648783,6.833641002156061,8.296825925864102,"{'nom', 'PL1'}","{'nom', 'PL1'}",81.50507433493297,811.8115774485792,106.68334821648783,6.833641002156061,8.296825925864102,"{'nom', 'PL1'}","{'nom', 'PL1'}",81.50507433493297,811.8115774485792,106.68334821648783,6.833641002156061,8.296825925864102,"{'nom', 'PL1'}",{'nom'},{'nom'},0,0,0,0,0,0,81,811,106,0,0,0,0,0,0,81,811,106,0,0,0,0,0,0,81,811,106
7,8,"{'nom', 'PL1'}",79.97124319803024,800.1949011519887,119.83385564998113,6.6166762965905646,8.150507433493297,"{'nom', 'PL1'}","{'nom', 'PL1'}",79.97124319803024,800.1949011519887,119.83385564998113,6.6166762965905646,8.150507433493297,"{'nom', 'PL1'}","{'nom', 'PL1'}",79.97124319803024,800.1949011519887,119.83385564998113,6.6166762965905646,8.150507433493297,"{'nom', 'PL1'}",{'nom'},{'nom'},0,0,0,0,0,0,79,800,119,0,0,0,0,0,0,79,800,119,0,0,0,0,0,0,79,800,119
8,9,"{'nom', 'PL1'}",78.37337698281216,788.7956430474037,132.83097996978415,6.399258104584946,7.9971243198030235,"{'nom', 'PL1'}","{'nom', 'PL1'}",78.37337698281216,788.7956430474037,132.83097996978415,6.399258104584946,7.9971243198030235,"{'nom', 'PL1'}","{'nom', 'PL1'}",78.37337698281216,788.7956430474037,132.83097996978415,6.399258104584946,7.9971243198030235,"{'nom', 'PL1'}",{'nom'},{'nom'},0,0,0,0,0,0,78,788,132,0,0,0,0,0,0,78,788,132,0,0,0,0,0,0,78,788,132
9,10,"{'nom', 'PL1'}",76.71809711402634,777.6135852179083,145.66831766806536,6.18205782949539,7.837337698281216,"{'nom', 'PL1'}","{'nom', 'PL1'}",76.71809711402634,777.6135852179083,145.66831766806536,6.18205782949539,7.837337698281216,"{'nom', 'PL1'}","{'nom', 'PL1'}",76.71809711402634,777.6135852179083,145.66831766806536,6.18205782949539,7.837337698281216,"{'nom', 'PL1'}",{'nom'},{'nom'},0,0,0,0,0,0,76,777,145,0,0,0,0,0,0,76,777,145,0,0,0,0,0,0,76,777,145
10,11,"{'nom', 'PL1'}",75.01199085741708,766.6478817631149,158.340127379468,5.965703454793369,7.671809711402633,"{'nom', 'PL1'}","{'nom', 'PL1'}",75.01199085741708,766.6478817631149,158.340127379468,5.965703454793369,7.671809711402633,"{'nom', 'PL1'}","{'nom', 'PL1'}",75.01199085741708,766.6478817631149,158.340127379468,5.965703454793369,7.671809711402633,"{'nom', 'PL1'}",{'nom'},{'nom'},0,0,0,0,0,0,75,766,158,0,0,0,0,0,0,75,766,158,0,0,0,0,0,0,75,766,158
11,12,"{'nom', 'PL1'}",73.26157016144266,755.8971033733476,170.8413264652097,5.750778389767294,7.501199085741708,"{'nom', 'PL1'}","{'nom', 'PL1'}",73.26157016144266,755.8971033733476,170.8413264652097,5.750778389767294,7.501199085741708,"{'nom', 'PL1'}","{'nom', 'PL1'}",73.26157016144266,755.8971033733476,170.8413264652097,5.750778389767294,7.501199085741708,"{'nom', 'PL1'}",{'nom'},{'nom'},0,0,0,0,0,0,73,755,170,0,0,0,0,0,0,73,755,170,0,0,0,0,0,0,73,755,170
12,13,"{'nom', 'PL1'}",71.47323401266017,745.3592825059858,183.16748348135397,5.537820867361778,7.326157016144267,"{'nom', 'PL1'}","{'nom', 'PL1'}",71.47323401266017,745.3592825059858,183.16748348135397,5.537820867361778,7.326157016144267,"{'nom', 'PL1'}","{'nom', 'PL1'}",71.47323401266017,745.3592825059858,183.16748348135397,5.537820867361778,7.326157016144267,"{'nom', 'PL1'}",{'nom'},{'nom'},0,0,0,0,0,0,71,745,183,0,0,0,0,0,0,71,745,183,0,0,0,0,0,0,71,745,183
13,14,"{'nom', 'PL1'}",69.65323445360004,735.03195866378,195.31480688262,5.327323842205881,7.147323401266017,"{'nom', 'PL1'}","{'nom', 'PL1'}",69.65323445360004,735.03195866378,195.31480688262,5.327323842205881,7.147323401266017,"{'nom', 'PL1'}","{'nom', 'PL1'}",69.65323445360004,735.03195866378,195.31480688262,5.327323842205881,7.147323401266017,"{'nom', 'PL1'}",{'nom'},{'nom'},0,0,0,0,0,0,69,735,195,0,0,0,0,0,0,69,735,195,0,0,0,0,0,0,69,735,195
14,15,"{'nom', 'PL1'}",67.80764634300974,724.9122233290102,207.28013032798,5.119735334769712,6.965323445360004,"{'nom', 'PL1'}","{'nom', 'PL1'}",67.80764634300974,724.9122233290102,207.28013032798,5.119735334769712,6.965323445360004,"{'nom', 'PL1'}","{'nom', 'PL1'}",67.80764634300974,724.9122233290102,207.28013032798,5.119735334769712,6.965323445360004,"{'nom', 'PL1'}",{'nom'},{'nom'},0,0,0,0,0,0,67,724,207,0,0,0,0,0,0,67,724,207,0,0,0,0,0,0,67,724,207
15,16,"{'nom', 'PL1'}",65.9423408756306,714.9967641620883,219.06089496228097,4.915459166921842,6.780764634300974,"{'nom', 'PL1'}","{'nom', 'PL1'}",65.9423408756306,714.9967641620883,219.06089496228097,4.915459166921842,6.780764634300974,"{'nom', 'PL1'}","{'nom', 'PL1'}",65.9423408756306,714.9967641620883,219.06089496228097,4.915459166921842,6.780764634300974,"{'nom', 'PL1'}",{'nom'},{'nom'},0,0,0,0,0,0,65,714,219,0,0,0,0,0,0,65,714,219,0,0,0,0,0,0,65,714,219
16,17,"{'nom', 'PL1'}",64.06296282280248,705.2819081273534,230.65512904984402,4.71485603473493,6.594234087563061,"{'nom', 'PL1'}","{'nom', 'PL1'}",64.06296282280248,705.2819081273534,230.65512904984402,4.71485603473493,6.594234087563061,"{'nom', 'PL1'}","{'nom', 'PL1'}",64.06296282280248,705.2819081273534,230.65512904984402,4.71485603473493,6.594234087563061,"{'nom', 'PL1'}",{'nom'},{'nom'},0,0,0,0,0,0,64,705,230,0,0,0,0,0,0,64,705,230,0,0,0,0,0,0,64,705,230
17,18,"{'nom', 'PL1'}",62.174911406518014,695.7636632613576,242.06142533212426,4.518244865995784,6.406296282280247,"{'nom', 'PL1'}","{'nom', 'PL1'}",62.174911406518014,695.7636632613576,242.06142533212426,4.518244865995784,6.406296282280247,"{'nom', 'PL1'}","{'nom', 'PL1'}",62.174911406518014,695.7636632613576,242.06142533212426,4.518244865995784,6.406296282280247,"{'nom', 'PL1'}",{'nom'},{'nom'},0,0,0,0,0,0,62,695,242,0,0,0,0,0,0,62,695,242,0,0,0,0,0,0,62,695,242
18,19,"{'nom', 'PL1'}",60.283324678181145,686.4377588490427,253.27891647277605,4.325904412314935,6.217491140651801,"{'nom', 'PL1'}","{'nom', 'PL1'}",60.283324678181145,686.4377588490427,253.27891647277605,4.325904412314935,6.217491140651801,"{'nom', 'PL1'}","{'nom', 'PL1'}",60.283324678181145,686.4377588490427,253.27891647277605,4.325904412314935,6.217491140651801,"{'nom', 'PL1'}",{'nom'},{'nom'},0,0,0,0,0,0,60,686,253,0,0,0,0,0,0,60,686,253,0,0,0,0,0,0,60,686,253
19,20,"{'nom', 'PL1'}",58.393067239169014,677.2996838202367,264.30724894059415,4.138075028805985,6.028332467818115,"{'nom', 'PL1'}","{'nom', 'PL1'}",58.393067239169014,677.2996838202367,264.30724894059415,4.138075028805985,6.028332467818115,"{'nom', 'PL1'}","{'nom', 'PL1'}",58.393067239169014,677.2996838202367,264.30724894059415,4.138075028805985,6.028332467818115,"{'nom', 'PL1'}",{'nom'},{'nom'},0,0,0,0,0,0,58,677,264,0,0,0,0,0,0,58,677,264,0,0,0,0,0,0,58,677,264
20,21,"{'nom', 'PL1'}",56.50872111309041,668.3447232223984,275.146555664511,3.9549605978382996,5.839306723916901,"{'nom', 'PL1'}","{'nom', 'PL1'}",56.50872111309041,668.3447232223984,275.146555664511,3.9549605978382996,5.839306723916901,"{'nom', 'PL1'}","{'nom', 'PL1'}",56.50872111309041,668.3447232223984,275.146555664511,3.9549605978382996,5.839306723916901,"{'nom', 'PL1'}",{'nom'},{'nom'},0,0,0,0,0,0,56,668,275,0,0,0,0,0,0,56,668,275,0,0,0,0,0,0,56,668,275
21,22,"{'nom', 'PL1'}",54.63457955897938,659.5679926652004,285.79742777582004,3.7767305571980114,5.650872111309041,"{'nom', 'PL1'}","{'nom', 'PL1'}",54.63457955897938,659.5679926652004,285.79742777582004,3.7767305571980114,5.650872111309041,"{'nom', 'PL1'}","{'nom', 'PL1'}",54.63457955897938,659.5679926652004,285.79742777582004,3.7767305571980114,5.650872111309041,"{'nom', 'PL1'}",{'nom'},{'nom'},0,0,0,0,0,0,54,659,285,0,0,0,0,0,0,54,659,285,0,0,0,0,0,0,54,659,285
22,23,"{'nom', 'PL1'}",52.77464360006377,650.9644706682182,296.26088573171796,3.6035219969823227,5.463457955897939,"{'nom', 'PL1'}","{'nom', 'PL1'}",52.77464360006377,650.9644706682182,296.26088573171796,3.6035219969823227,5.463457955897939,"{'nom', 'PL1'}","{'nom', 'PL1'}",52.77464360006377,650.9644706682182,296.26088573171796,3.6035219969823227,5.463457955897939,"{'nom', 'PL1'}",{'nom'},{'nom'},0,0,0,0,0,0,52,650,296,0,0,0,0,0,0,52,650,296,0,0,0,0,0,0,52,650,296
23,24,"{'nom', 'PL1'}",50.93262103363933,642.5290288746362,306.53835009172434,3.4354417935819384,5.277464360006377,"{'nom', 'PL1'}","{'nom', 'PL1'}",50.93262103363933,642.5290288746362,306.53835009172434,3.4354417935819384,5.277464360006377,"{'nom', 'PL1'}","{'nom', 'PL1'}",50.93262103363933,642.5290288746362,306.53835009172434,3.4354417935819384,5.277464360006377,"{'nom', 'PL1'}",{'nom'},{'nom'},0,0,0,0,0,0,50,642,306,0,0,0,0,0,0,50,642,306,0,0,0,0,0,0,50,642,306
24,25,"{'nom', 'PL1'}",49.11192768335381,634.2564601215578,316.6316121950883,3.272568753078415,5.093262103363933,"{'nom', 'PL1'}","{'nom', 'PL1'}",49.11192768335381,634.2564601215578,316.6316121950883,3.272568753078415,5.093262103363933,"{'nom', 'PL1'}","{'nom', 'PL1'}",49.11192768335381,634.2564601215578,316.6316121950883,3.272568753078415,5.093262103363933,"{'nom', 'PL1'}",{'nom'},{'nom'},0,0,0,0,0,0,49,634,316,0,0,0,0,0,0,49,634,316,0,0,0,0,0,0,49,634,316
25,26,{'nom'},50.43064639545642,628.0265486411198,321.54280496342363,6.229911480437986,4.911192768335381,{'nom'},{'nom'},50.43064639545642,628.0265486411198,321.54280496342363,6.229911480437986,4.911192768335381,{'nom'},{'nom'},50.43064639545642,628.0265486411198,321.54280496342363,6.229911480437986,4.911192768335381,{'nom'},{'nom'},{'nom'},0,0,0,0,0,0,50,628,321,0,0,0,0,0,0,50,628,321,0,0,0,0,0,0,50,628,321
26,27,"{'nom', 'PL1'}",48.5547602360587,619.8593701609719,331.5858696029693,3.167178480147923,5.043064639545642,"{'nom', 'PL1'}","{'nom', 'PL1'}",48.5547602360587,619.8593701609719,331.5858696029693,3.167178480147923,5.043064639545642,"{'nom', 'PL1'}","{'nom', 'PL1'}",48.5547602360587,619.8593701609719,331.5858696029693,3.167178480147923,5.043064639545642,"{'nom', 'PL1'}",{'nom'},{'nom'},0,0,0,0,0,0,48,619,331,0,0,0,0,0,0,48,619,331,0,0,0,0,0,0,48,619,331
27,28,{'nom'},49.7187088321009,613.8399455413239,336.4413456265752,6.01942461964807,4.85547602360587,{'nom'},{'nom'},49.7187088321009,613.8399455413239,336.4413456265752,6.01942461964807,4.85547602360587,{'nom'},{'nom'},49.7187088321009,613.8399455413239,336.4413456265752,6.01942461964807,4.85547602360587,{'nom'},{'nom'},{'nom'},0,0,0,0,0,0,49,613,336,0,0,0,0,0,0,49,613,336,0,0,0,0,0,0,49,613,336
28,29,{'nom'},50.85070385326716,607.7360796369476,341.4132165097853,6.1038659043763515,4.97187088321009,{'nom'},{'nom'},50.85070385326716,607.7360796369476,341.4132165097853,6.1038659043763515,4.97187088321009,{'nom'},{'nom'},50.85070385326716,607.7360796369476,341.4132165097853,6.1038659043763515,4.97187088321009,{'nom'},{'nom'},{'nom'},0,0,0,0,0,0,50,607,341,0,0,0,0,0,0,50,607,341,0,0,0,0,0,0,50,607,341
29,30,"{'nom', 'PL1'}",48.85601420859685,599.6456988962912,351.498286895112,3.0903807406564012,5.085070385326716,"{'nom', 'PL1'}","{'nom', 'PL1'}",48.85601420859685,599.6456988962912,351.498286895112,3.0903807406564012,5.085070385326716,"{'nom', 'PL1'}","{'nom', 'PL1'}",48.85601420859685,599.6456988962912,351.498286895112,3.0903807406564012,5.085070385326716,"{'nom', 'PL1'}",{'nom'},{'nom'},0,0,0,0,0,0,48,599,351,0,0,0,0,0,0,48,599,351,0,0,0,0,0,0,48,599,351
30,31,{'nom'},49.8296725448174,593.7864391392109,356.3838883159717,5.859259757080237,4.885601420859684,{'nom'},{'nom'},49.8296725448174,593.7864391392109,356.3838883159717,5.859259757080237,4.885601420859684,{'nom'},{'nom'},49.8296725448174,593.7864391392109,356.3838883159717,5.859259757080237,4.885601420859684,{'nom'},{'nom'},{'nom'},0,0,0,0,0,0,49,593,356,0,0,0,0,0,0,49,593,356,0,0,0,0,0,0,49,593,356
31,32,{'nom'},50.76434205510766,587.8688023744388,361.3668555704535,5.917636764772005,4.98296725448174,{'nom'},{'nom'},50.76434205510766,587.8688023744388,361.3668555704535,5.917636764772005,4.98296725448174,{'nom'},{'nom'},50.76434205510766,587.8688023744388,361.3668555704535,5.917636764772005,4.98296725448174,{'nom'},{'nom'},{'nom'},0,0,0,0,0,0,50,587,361,0,0,0,0,0,0,50,587,361,0,0,0,0,0,0,50,587,361
32,33,"{'nom', 'PL1'}",48.672185146323145,579.8845250777125,371.4432897759643,2.98427729672625,5.0764342055107665,"{'nom', 'PL1'}","{'nom', 'PL1'}",48.672185146323145,579.8845250777125,371.4432897759643,2.98427729672625,5.0764342055107665,"{'nom', 'PL1'}","{'nom', 'PL1'}",48.672185146323145,579.8845250777125,371.4432897759643,2.98427729672625,5.0764342055107665,"{'nom', 'PL1'}",{'nom'},{'nom'},0,0,0,0,0,0,48,579,371,0,0,0,0,0,0,48,579,371,0,0,0,0,0,0,48,579,371
33,34,{'nom'},49.44981602530485,574.2396756840985,376.3105082905966,5.6448493936140185,4.867218514632315,{'nom'},{'nom'},49.44981602530485,574.2396756840985,376.3105082905966,5.6448493936140185,4.867218514632315,{'nom'},{'nom'},49.44981602530485,574.2396756840985,376.3105082905966,5.6448493936140185,4.867218514632315,{'nom'},{'nom'},{'nom'},0,0,0,0,0,0,49,574,376,0,0,0,0,0,0,49,574,376,0,0,0,0,0,0,49,574,376
34,35,{'nom'},50.184043686176246,568.5604664206967,381.2554898931271,5.679209263401879,4.9449816025304845,{'nom'},{'nom'},50.184043686176246,568.5604664206967,381.2554898931271,5.679209263401879,4.9449816025304845,{'nom'},{'nom'},50.184043686176246,568.5604664206967,381.2554898931271,5.679209263401879,4.9449816025304845,{'nom'},{'nom'},{'nom'},0,0,0,0,0,0,50,568,381,0,0,0,0,0,0,50,568,381,0,0,0,0,0,0,50,568,381
35,36,"{'nom', 'PL1'}",48.01890564606752,560.7072000921878,391.2738942617447,2.853266328508899,5.018404368617625,"{'nom', 'PL1'}","{'nom', 'PL1'}",48.01890564606752,560.7072000921878,391.2738942617447,2.853266328508899,5.018404368617625,"{'nom', 'PL1'}","{'nom', 'PL1'}",48.01890564606752,560.7072000921878,391.2738942617447,2.853266328508899,5.018404368617625,"{'nom', 'PL1'}",{'nom'},{'nom'},0,0,0,0,0,0,48,560,391,0,0,0,0,0,0,48,560,391,0,0,0,0,0,0,48,560,391
36,37,{'nom'},48.601924308720264,555.3222908649283,396.0757848263515,5.384909227259494,4.801890564606753,{'nom'},{'nom'},48.601924308720264,555.3222908649283,396.0757848263515,5.384909227259494,4.801890564606753,{'nom'},{'nom'},48.601924308720264,555.3222908649283,396.0757848263515,5.384909227259494,4.801890564606753,{'nom'},{'nom'},{'nom'},0,0,0,0,0,0,48,555,396,0,0,0,0,0,0,48,555,396,0,0,0,0,0,0,48,555,396
37,38,{'nom'},49.139678267360715,549.9243444754158,400.9359772572235,5.3979463895124775,4.860192430872027,{'nom'},{'nom'},49.139678267360715,549.9243444754158,400.9359772572235,5.3979463895124775,4.860192430872027,{'nom'},{'nom'},49.139678267360715,549.9243444754158,400.9359772572235,5.3979463895124775,4.860192430872027,{'nom'},{'nom'},{'nom'},0,0,0,0,0,0,49,549,400,0,0,0,0,0,0,49,549,400,0,0,0,0,0,0,49,549,400
38,39,{'nom'},49.630331512406876,544.5197234036335,405.8499450839596,5.404621071782235,4.913967826736071,{'nom'},{'nom'},49.630331512406876,544.5197234036335,405.8499450839596,5.404621071782235,4.913967826736071,{'nom'},{'nom'},49.630331512406876,544.5197234036335,405.8499450839596,5.404621071782235,4.913967826736071,{'nom'},{'nom'},{'nom'},0,0,0,0,0,0,49,544,405,0,0,0,0,0,0,49,544,405,0,0,0,0,0,0,49,544,405
39,40,{'nom'},50.07223723867948,539.1147845261203,410.81297823520026,5.404938877513286,4.963033151240688,{'nom'},{'nom'},50.07223723867948,539.1147845261203,410.81297823520026,5.404938877513286,4.963033151240688,{'nom'},{'nom'},50.07223723867948,539.1147845261203,410.81297823520026,5.404938877513286,4.963033151240688,{'nom'},{'nom'},{'nom'},0,0,0,0,0,0,50,539,410,0,0,0,0,0,0,50,539,410,0,0,0,0,0,0,50,539,410
40,41,"{'nom', 'PL1'}",47.764481853778676,531.4153161871532,420.8202019590682,2.6994683389671463,5.007223723867948,"{'nom', 'PL1'}","{'nom', 'PL1'}",47.764481853778676,531.4153161871532,420.8202019590682,2.6994683389671463,5.007223723867948,"{'nom', 'PL1'}","{'nom', 'PL1'}",47.764481853778676,531.4153161871532,420.8202019590682,2.6994683389671463,5.007223723867948,"{'nom', 'PL1'}",{'nom'},{'nom'},0,0,0,0,0,0,47,531,420,0,0,0,0,0,0,47,531,420,0,0,0,0,0,0,47,531,420
41,42,{'nom'},48.064589113769074,526.3387607417849,425.5966501444461,5.0765554453682675,4.776448185377868,{'nom'},{'nom'},48.064589113769074,526.3387607417849,425.5966501444461,5.0765554453682675,4.776448185377868,{'nom'},{'nom'},48.064589113769074,526.3387607417849,425.5966501444461,5.0765554453682675,4.776448185377868,{'nom'},{'nom'},{'nom'},0,0,0,0,0,0,48,526,425,0,0,0,0,0,0,48,526,425,0,0,0,0,0,0,48,526,425
42,43,{'nom'},48.31778145633302,521.279109487844,430.403109055823,5.059651253940859,4.806458911376907,{'nom'},{'nom'},48.31778145633302,521.279109487844,430.403109055823,5.059651253940859,4.806458911376907,{'nom'},{'nom'},48.31778145633302,521.279109487844,430.403109055823,5.059651253940859,4.806458911376907,{'nom'},{'nom'},{'nom'},0,0,0,0,0,0,48,521,430,0,0,0,0,0,0,48,521,430,0,0,0,0,0,0,48,521,430
43,44,{'nom'},48.523413328696826,516.2416994698469,435.2348872014563,5.037410017997108,4.831778145633303,{'nom'},{'nom'},48.523413328696826,516.2416994698469,435.2348872014563,5.037410017997108,4.831778145633303,{'nom'},{'nom'},48.523413328696826,516.2416994698469,435.2348872014563,5.037410017997108,4.831778145633303,{'nom'},{'nom'},{'nom'},0,0,0,0,0,0,48,516,435,0,0,0,0,0,0,48,516,435,0,0,0,0,0,0,48,516,435
44,45,{'nom'},48.681033868004,511.2317375976701,440.08722853432596,5.009961872176855,4.852341332869683,{'nom'},{'nom'},48.681033868004,511.2317375976701,440.08722853432596,5.009961872176855,4.852341332869683,{'nom'},{'nom'},48.681033868004,511.2317375976701,440.08722853432596,5.009961872176855,4.852341332869683,{'nom'},{'nom'},{'nom'},0,0,0,0,0,0,48,511,440,0,0,0,0,0,0,48,511,440,0,0,0,0,0,0,48,511,440
45,46,{'nom'},48.790388387681745,506.2542796911919,444.95533192112634,4.977457906478143,4.8681033868004,{'nom'},{'nom'},48.790388387681745,506.2542796911919,444.95533192112634,4.977457906478143,4.8681033868004,{'nom'},{'nom'},48.790388387681745,506.2542796911919,444.95533192112634,4.977457906478143,4.8681033868004,{'nom'},{'nom'},{'nom'},0,0,0,0,0,0,48,506,444,0,0,0,0,0,0,48,506,444,0,0,0,0,0,0,48,506,444
46,47,{'nom'},48.851418134725435,501.3142111053801,449.8343707598945,4.940068585811863,4.8790388387681745,{'nom'},{'nom'},48.851418134725435,501.3142111053801,449.8343707598945,4.940068585811863,4.8790388387681745,{'nom'},{'nom'},48.851418134725435,501.3142111053801,449.8343707598945,4.940068585811863,4.8790388387681745,{'nom'},{'nom'},{'nom'},0,0,0,0,0,0,48,501,449,0,0,0,0,0,0,48,501,449,0,0,0,0,0,0,48,501,449
47,48,{'nom'},48.86425834997068,496.4162290766623,454.71951257336707,4.897982028717788,4.8851418134725435,{'nom'},{'nom'},48.86425834997068,496.4162290766623,454.71951257336707,4.897982028717788,4.8851418134725435,{'nom'},{'nom'},48.86425834997068,496.4162290766623,454.71951257336707,4.897982028717788,4.8851418134725435,{'nom'},{'nom'},{'nom'},0,0,0,0,0,0,48,496,454,0,0,0,0,0,0,48,496,454,0,0,0,0,0,0,48,496,454
48,49,{'nom'},48.82923468831767,491.56482690331825,459.6059384083641,4.851402173344051,4.886425834997068,{'nom'},{'nom'},48.82923468831767,491.56482690331825,459.6059384083641,4.851402173344051,4.886425834997068,{'nom'},{'nom'},48.82923468831767,491.56482690331825,459.6059384083641,4.851402173344051,4.886425834997068,{'nom'},{'nom'},{'nom'},0,0,0,0,0,0,48,491,459,0,0,0,0,0,0,48,491,459,0,0,0,0,0,0,48,491,459
49,50,{'nom'},48.74685807896278,486.7642800438414,464.4888618771959,4.800546859476876,4.882923468831767,{'nom'},{'nom'},48.74685807896278,486.7642800438414,464.4888618771959,4.800546859476876,4.882923468831767,{'nom'},{'nom'},48.74685807896278,486.7642800438414,464.4888618771959,4.800546859476876,4.882923468831767,{'nom'},{'nom'},{'nom'},0,0,0,0,0,0,48,486,464,0,0,0,0,0,0,48,486,464,0,0,0,0,0,0,48,486,464
50,51,{'nom'},48.61781812650763,482.01863418840026,469.3635476850922,4.7456458554411265,4.874685807896278,{'nom'},{'nom'},48.61781812650763,482.01863418840026,469.3635476850922,4.7456458554411265,4.874685807896278,{'nom'},{'nom'},48.61781812650763,482.01863418840026,469.3635476850922,4.7456458554411265,4.874685807896278,{'nom'},{'nom'},{'nom'},0,0,0,0,0,0,48,482,469,0,0,0,0,0,0,48,482,469,0,0,0,0,0,0,48,482,469
51,52,{'nom'},48.44297517196872,477.3316953302884,474.22532949774296,4.686938858111851,4.861781812650763,{'nom'},{'nom'},48.44297517196872,477.3316953302884,474.22532949774296,4.686938858111851,4.861781812650763,{'nom'},{'nom'},48.44297517196872,477.3316953302884,474.22532949774296,4.686938858111851,4.861781812650763,{'nom'},{'nom'},{'nom'},0,0,0,0,0,0,48,477,474,0,0,0,0,0,0,48,477,474,0,0,0,0,0,0,48,477,474
52,53,{'nom'},48.22335114790763,472.70702183715264,479.06962701493984,4.62467349313578,4.844297517196872,{'nom'},{'nom'},48.22335114790763,472.70702183715264,479.06962701493984,4.62467349313578,4.844297517196872,{'nom'},{'nom'},48.22335114790763,472.70702183715264,479.06962701493984,4.62467349313578,4.844297517196872,{'nom'},{'nom'},{'nom'},0,0,0,0,0,0,48,472,479,0,0,0,0,0,0,48,472,479,0,0,0,0,0,0,48,472,479
53,54,{'nom'},47.9601193739438,468.1479184963257,483.8919621297306,4.559103340826931,4.8223351147907625,{'nom'},{'nom'},47.9601193739438,468.1479184963257,483.8919621297306,4.559103340826931,4.8223351147907625,{'nom'},{'nom'},47.9601193739438,468.1479184963257,483.8919621297306,4.559103340826931,4.8223351147907625,{'nom'},{'nom'},{'nom'},0,0,0,0,0,0,47,468,483,0,0,0,0,0,0,47,468,483,0,0,0,0,0,0,47,468,483
54,55,{'nom'},47.654593447698836,463.6574324851763,488.68797406712497,4.490486011149418,4.79601193739438,{'nom'},{'nom'},47.654593447698836,463.6574324851763,488.68797406712497,4.490486011149418,4.79601193739438,{'nom'},{'nom'},47.654593447698836,463.6574324851763,488.68797406712497,4.490486011149418,4.79601193739438,{'nom'},{'nom'},{'nom'},0,0,0,0,0,0,47,463,488,0,0,0,0,0,0,47,463,488,0,0,0,0,0,0,47,463,488
55,56,{'nom'},47.30821539174594,459.2383511963593,493.4534334118949,4.419081288816989,4.765459344769884,{'nom'},{'nom'},47.30821539174594,459.2383511963593,493.4534334118949,4.419081288816989,4.765459344769884,{'nom'},{'nom'},47.30821539174594,459.2383511963593,493.4534334118949,4.419081288816989,4.765459344769884,{'nom'},{'nom'},{'nom'},0,0,0,0,0,0,47,459,493,0,0,0,0,0,0,47,459,493,0,0,0,0,0,0,47,459,493
56,57,{'nom'},46.92254321948087,454.89320182944977,498.1842549510695,4.345149366909526,4.730821539174594,{'nom'},{'nom'},46.92254321948087,454.89320182944977,498.1842549510695,4.345149366909526,4.730821539174594,{'nom'},{'nom'},46.92254321948087,454.89320182944977,498.1842549510695,4.345149366909526,4.730821539174594,{'nom'},{'nom'},{'nom'},0,0,0,0,0,0,46,454,498,0,0,0,0,0,0,46,454,498,0,0,0,0,0,0,46,454,498
57,58,{'nom'},46.49923808215087,450.6242526448317,502.8765092730176,4.268949184618079,4.692254321948087,{'nom'},{'nom'},46.49923808215087,450.6242526448317,502.8765092730176,4.268949184618079,4.692254321948087,{'nom'},{'nom'},46.49923808215087,450.6242526448317,502.8765092730176,4.268949184618079,4.692254321948087,{'nom'},{'nom'},{'nom'},0,0,0,0,0,0,46,450,502,0,0,0,0,0,0,46,450,502,0,0,0,0,0,0,46,450,502
58,59,{'nom'},46.04005115580045,446.43351576296703,507.52643308123265,4.190736881864667,4.649923808215087,{'nom'},{'nom'},46.04005115580045,446.43351576296703,507.52643308123265,4.190736881864667,4.649923808215087,{'nom'},{'nom'},46.04005115580045,446.43351576296703,507.52643308123265,4.190736881864667,4.649923808215087,{'nom'},{'nom'},{'nom'},0,0,0,0,0,0,46,446,507,0,0,0,0,0,0,46,446,507,0,0,0,0,0,0,46,446,507
59,60,{'nom'},45.546810420898574,442.32275138228886,512.1304381968127,4.1107643806781695,4.604005115580045,{'nom'},{'nom'},45.546810420898574,442.32275138228886,512.1304381968127,4.1107643806781695,4.604005115580045,{'nom'},{'nom'},45.546810420898574,442.32275138228886,512.1304381968127,4.1107643806781695,4.604005115580045,{'nom'},{'nom'},{'nom'},0,0,0,0,0,0,45,442,512,0,0,0,0,0,0,45,442,512,0,0,0,0,0,0,45,442,512
60,61,{'nom'},45.021407479220585,438.29347328187697,516.6851192389026,4.029278100411872,4.554681042089857,{'nom'},{'nom'},45.021407479220585,438.29347328187697,516.6851192389026,4.029278100411872,4.554681042089857,{'nom'},{'nom'},45.021407479220585,438.29347328187697,516.6851192389026,4.029278100411872,4.554681042089857,{'nom'},{'nom'},{'nom'},0,0,0,0,0,0,45,438,516,0,0,0,0,0,0,45,438,516,0,0,0,0,0,0,45,438,516
61,62,{'nom'},44.46578454251978,434.3469554706557,521.1872599868248,3.946517811221253,4.502140747922058,{'nom'},{'nom'},44.46578454251978,434.3469554706557,521.1872599868248,3.946517811221253,4.502140747922058,{'nom'},{'nom'},44.46578454251978,434.3469554706557,521.1872599868248,3.946517811221253,4.502140747922058,{'nom'},{'nom'},{'nom'},0,0,0,0,0,0,44,434,521,0,0,0,0,0,0,44,434,521,0,0,0,0,0,0,44,434,521
62,63,{'nom'},43.88192171599932,430.4842398429242,525.6338384410767,3.862715627731522,4.446578454251978,{'nom'},{'nom'},43.88192171599932,430.4842398429242,525.6338384410767,3.862715627731522,4.446578454251978,{'nom'},{'nom'},43.88192171599932,430.4842398429242,525.6338384410767,3.862715627731522,4.446578454251978,{'nom'},{'nom'},{'nom'},0,0,0,0,0,0,43,430,525,0,0,0,0,0,0,43,430,525,0,0,0,0,0,0,43,430,525
63,64,{'nom'},43.27182468695112,426.7061447003724,530.0220306126766,3.7780951425517353,4.388192171599932,{'nom'},{'nom'},43.27182468695112,426.7061447003724,530.0220306126766,3.7780951425517353,4.388192171599932,{'nom'},{'nom'},43.27182468695112,426.7061447003724,530.0220306126766,3.7780951425517353,4.388192171599932,{'nom'},{'nom'},{'nom'},0,0,0,0,0,0,43,426,530,0,0,0,0,0,0,43,426,530,0,0,0,0,0,0,43,426,530
64,65,{'nom'},42.63751291551987,423.01327400310856,534.3492130813718,3.6928706972638623,4.327182468695112,{'nom'},{'nom'},42.63751291551987,423.01327400310856,534.3492130813718,3.6928706972638623,4.327182468695112,{'nom'},{'nom'},42.63751291551987,423.01327400310856,534.3492130813718,3.6928706972638623,4.327182468695112,{'nom'},{'nom'},{'nom'},0,0,0,0,0,0,42,423,534,0,0,0,0,0,0,42,423,534,0,0,0,0,0,0,42,423,534
65,66,{'nom'},41.98100841071666,419.4060272163598,538.6129643729238,3.607246786748778,4.263751291551987,{'nom'},{'nom'},41.98100841071666,419.4060272163598,538.6129643729238,3.607246786748778,4.263751291551987,{'nom'},{'nom'},41.98100841071666,419.4060272163598,538.6129643729238,3.607246786748778,4.263751291551987,{'nom'},{'nom'},{'nom'},0,0,0,0,0,0,41,419,538,0,0,0,0,0,0,41,419,538,0,0,0,0,0,0,41,419,538
66,67,{'nom'},41.304325160860046,415.8846096251448,542.8110652139954,3.5214175912150525,4.198100841071666,{'nom'},{'nom'},41.304325160860046,415.8846096251448,542.8110652139954,3.5214175912150525,4.198100841071666,{'nom'},{'nom'},41.304325160860046,415.8846096251448,542.8110652139954,3.5214175912150525,4.198100841071666,{'nom'},{'nom'},{'nom'},0,0,0,0,0,0,41,415,542,0,0,0,0,0,0,41,415,542,0,0,0,0,0,0,41,415,542
67,68,{'nom'},40.609459273844905,412.4490429960739,546.9414977300814,3.4355666290708653,4.130432516086005,{'nom'},{'nom'},40.609459273844905,412.4490429960739,546.9414977300814,3.4355666290708653,4.130432516086005,{'nom'},{'nom'},40.609459273844905,412.4490429960739,546.9414977300814,3.4355666290708653,4.130432516086005,{'nom'},{'nom'},{'nom'},0,0,0,0,0,0,40,412,546,0,0,0,0,0,0,40,412,546,0,0,0,0,0,0,40,412,546
68,69,{'nom'},39.89837986927749,409.0991764732568,551.002443657466,3.349866522817074,4.06094592738449,{'nom'},{'nom'},39.89837986927749,409.0991764732568,551.002443657466,3.349866522817074,4.06094592738449,{'nom'},{'nom'},39.89837986927749,409.0991764732568,551.002443657466,3.349866522817074,4.06094592738449,{'nom'},{'nom'},{'nom'},0,0,0,0,0,0,39,409,551,0,0,0,0,0,0,39,409,551,0,0,0,0,0,0,39,409,551
69,70,{'nom'},39.17302075177746,405.8346976038291,554.9922816443938,3.2644788694277183,3.989837986927749,{'nom'},{'nom'},39.17302075177746,405.8346976038291,554.9922816443938,3.2644788694277183,3.989837986927749,{'nom'},{'nom'},39.17302075177746,405.8346976038291,554.9922816443938,3.2644788694277183,3.989837986927749,{'nom'},{'nom'},{'nom'},0,0,0,0,0,0,39,405,554,0,0,0,0,0,0,39,405,554,0,0,0,0,0,0,39,405,554
70,71,{'nom'},38.43527288280494,402.6551433976239,558.9095837195715,3.1795542062052253,3.9173020751777456,{'nom'},{'nom'},38.43527288280494,402.6551433976239,558.9095837195715,3.1795542062052253,3.9173020751777456,{'nom'},{'nom'},38.43527288280494,402.6551433976239,558.9095837195715,3.1795542062052253,3.9173020751777456,{'nom'},{'nom'},{'nom'},0,0,0,0,0,0,38,402,558,0,0,0,0,0,0,38,402,558,0,0,0,0,0,0,38,402,558
71,72,{'nom'},37.68697765735497,399.55991133479336,562.753111007852,3.0952320628305254,3.8435272882804936,{'nom'},{'nom'},37.68697765735497,399.55991133479336,562.753111007852,3.0952320628305254,3.8435272882804936,{'nom'},{'nom'},37.68697765735497,399.55991133479336,562.753111007852,3.0952320628305254,3.8435272882804936,{'nom'},{'nom'},{'nom'},0,0,0,0,0,0,37,399,562,0,0,0,0,0,0,37,399,562,0,0,0,0,0,0,37,399,562
72,73,{'nom'},36.929920981869294,396.5482702445435,566.5218087735875,3.0116410902498183,3.768697765735497,{'nom'},{'nom'},36.929920981869294,396.5482702445435,566.5218087735875,3.0116410902498183,3.768697765735497,{'nom'},{'nom'},36.929920981869294,396.5482702445435,566.5218087735875,3.0116410902498183,3.768697765735497,{'nom'},{'nom'},{'nom'},0,0,0,0,0,0,36,396,566,0,0,0,0,0,0,36,396,566,0,0,0,0,0,0,36,396,566
73,74,{'nom'},36.16582814080795,393.61937098741794,570.2148008717744,2.928899257125589,3.6929920981869295,{'nom'},{'nom'},36.16582814080795,393.61937098741794,570.2148008717744,2.928899257125589,3.6929920981869295,{'nom'},{'nom'},36.16582814080795,393.61937098741794,570.2148008717744,2.928899257125589,3.6929920981869295,{'nom'},{'nom'},{'nom'},0,0,0,0,0,0,36,393,570,0,0,0,0,0,0,36,393,570,0,0,0,0,0,0,36,393,570
74,75,{'nom'},35.396359431531934,390.77225688261314,573.8313836858551,2.8471141048047777,3.6165828140807954,{'nom'},{'nom'},35.396359431531934,390.77225688261314,573.8313836858551,2.8471141048047777,3.6165828140807954,{'nom'},{'nom'},35.396359431531934,390.77225688261314,573.8313836858551,2.8471141048047777,3.6165828140807954,{'nom'},{'nom'},{'nom'},0,0,0,0,0,0,35,390,573,0,0,0,0,0,0,35,390,573,0,0,0,0,0,0,35,390,573
75,76,{'nom'},34.62310654047632,388.00587383051555,577.3710196290083,2.7663830520975807,3.5396359431531934,{'nom'},{'nom'},34.62310654047632,388.00587383051555,577.3710196290083,2.7663830520975807,3.5396359431531934,{'nom'},{'nom'},34.62310654047632,388.00587383051555,577.3710196290083,2.7663830520975807,3.5396359431531934,{'nom'},{'nom'},{'nom'},0,0,0,0,0,0,34,388,577,0,0,0,0,0,0,34,388,577,0,0,0,0,0,0,34,388,577
76,77,{'nom'},33.8475896280216,385.31908008892265,580.833330283056,2.686793741592911,3.462310654047632,{'nom'},{'nom'},33.8475896280216,385.31908008892265,580.833330283056,2.686793741592911,3.462310654047632,{'nom'},{'nom'},33.8475896280216,385.31908008892265,580.833330283056,2.686793741592911,3.462310654047632,{'nom'},{'nom'},{'nom'},0,0,0,0,0,0,33,385,580,0,0,0,0,0,0,33,385,580,0,0,0,0,0,0,33,385,580
77,78,{'nom'},33.07125508495877,382.7106556691833,584.2180892458581,2.6084244197393285,3.3847589628021604,{'nom'},{'nom'},33.07125508495877,382.7106556691833,584.2180892458581,2.6084244197393285,3.3847589628021604,{'nom'},{'nom'},33.07125508495877,382.7106556691833,584.2180892458581,2.6084244197393285,3.3847589628021604,{'nom'},{'nom'},{'nom'},0,0,0,0,0,0,33,382,584,0,0,0,0,0,0,33,382,584,0,0,0,0,0,0,33,382,584
78,79,{'nom'},32.29547391993637,380.1793113257099,587.525214754354,2.5313443434734766,3.307125508495877,{'nom'},{'nom'},32.29547391993637,380.1793113257099,587.525214754354,2.5313443434734766,3.307125508495877,{'nom'},{'nom'},32.29547391993637,380.1793113257099,587.525214754354,2.5313443434734766,3.307125508495877,{'nom'},{'nom'},{'nom'},0,0,0,0,0,0,32,380,587,0,0,0,0,0,0,32,380,587,0,0,0,0,0,0,32,380,587
79,80,{'nom'},31.521540734706498,377.7236971189461,590.7547621463476,2.4556142067637667,3.229547391993637,{'nom'},{'nom'},31.521540734706498,377.7236971189461,590.7547621463476,2.4556142067637667,3.229547391993637,{'nom'},{'nom'},31.521540734706498,377.7236971189461,590.7547621463476,2.4556142067637667,3.229547391993637,{'nom'},{'nom'},{'nom'},0,0,0,0,0,0,31,377,590,0,0,0,0,0,0,31,377,590,0,0,0,0,0,0,31,377,590
80,81,{'nom'},30.750673242275607,375.34241053790635,593.9069162198183,2.3812865810397597,3.15215407347065,{'nom'},{'nom'},30.750673242275607,375.34241053790635,593.9069162198183,2.3812865810397597,3.15215407347065,{'nom'},{'nom'},30.750673242275607,375.34241053790635,593.9069162198183,2.3812865810397597,3.15215407347065,{'nom'},{'nom'},{'nom'},0,0,0,0,0,0,30,375,593,0,0,0,0,0,0,30,375,593,0,0,0,0,0,0,30,375,593
81,82,{'nom'},29.98401228213189,373.0340041738225,596.9819835440459,2.3084063640838446,3.0750673242275606,{'nom'},{'nom'},29.98401228213189,373.0340041738225,596.9819835440459,2.3084063640838446,3.0750673242275606,{'nom'},{'nom'},29.98401228213189,373.0340041738225,596.9819835440459,2.3084063640838446,3.0750673242275606,{'nom'},{'nom'},{'nom'},0,0,0,0,0,0,29,373,596,0,0,0,0,0,0,29,373,596,0,0,0,0,0,0,29,373,596
82,83,{'nom'},29.222622286478845,370.7969929412624,599.9803847722591,2.237011232560146,2.998401228213189,{'nom'},{'nom'},29.222622286478845,370.7969929412624,599.9803847722591,2.237011232560146,2.998401228213189,{'nom'},{'nom'},29.222622286478845,370.7969929412624,599.9803847722591,2.237011232560146,2.998401228213189,{'nom'},{'nom'},{'nom'},0,0,0,0,0,0,29,370,599,0,0,0,0,0,0,29,370,599,0,0,0,0,0,0,29,370,599
83,84,{'nom'},28.467492151767896,368.62986084732546,602.902647000907,2.1671320939369343,2.9222622286478845,{'nom'},{'nom'},28.467492151767896,368.62986084732546,602.902647000907,2.1671320939369343,2.9222622286478845,{'nom'},{'nom'},28.467492151767896,368.62986084732546,602.902647000907,2.1671320939369343,2.9222622286478845,{'nom'},{'nom'},{'nom'},0,0,0,0,0,0,28,368,602,0,0,0,0,0,0,28,368,602,0,0,0,0,0,0,28,368,602
84,85,{'nom'},27.719536470706814,366.53106731320975,605.7493962160838,2.098793534115706,2.8467492151767897,{'nom'},{'nom'},27.719536470706814,366.53106731320975,605.7493962160838,2.098793534115706,2.8467492151767897,{'nom'},{'nom'},27.719536470706814,366.53106731320975,605.7493962160838,2.098793534115706,2.8467492151767897,{'nom'},{'nom'},{'nom'},0,0,0,0,0,0,27,366,605,0,0,0,0,0,0,27,366,605,0,0,0,0,0,0,27,366,605
85,86,{'nom'},26.979597081243256,364.49905305560264,608.5213498631545,2.0320142576071225,2.7719536470706814,{'nom'},{'nom'},26.979597081243256,364.49905305560264,608.5213498631545,2.0320142576071225,2.7719536470706814,{'nom'},{'nom'},26.979597081243256,364.49905305560264,608.5213498631545,2.0320142576071225,2.7719536470706814,{'nom'},{'nom'},{'nom'},0,0,0,0,0,0,26,364,608,0,0,0,0,0,0,26,364,608,0,0,0,0,0,0,26,364,608
86,87,{'nom'},26.248444890705905,362.5322455380157,611.2193095712788,1.9668075175869735,2.6979597081243254,{'nom'},{'nom'},26.248444890705905,362.5322455380157,611.2193095712788,1.9668075175869735,2.6979597081243254,{'nom'},{'nom'},26.248444890705905,362.5322455380157,611.2193095712788,1.9668075175869735,2.6979597081243254,{'nom'},{'nom'},{'nom'},0,0,0,0,0,0,26,362,611,0,0,0,0,0,0,26,362,611,0,0,0,0,0,0,26,362,611
87,88,{'nom'},25.526781935257006,360.62906400439397,613.8441540603494,1.9031815336216933,2.6248444890705906,{'nom'},{'nom'},25.526781935257006,360.62906400439397,613.8441540603494,1.9031815336216933,2.6248444890705906,{'nom'},{'nom'},25.526781935257006,360.62906400439397,613.8441540603494,1.9031815336216933,2.6248444890705906,{'nom'},{'nom'},{'nom'},0,0,0,0,0,0,25,360,613,0,0,0,0,0,0,25,360,613,0,0,0,0,0,0,25,360,613
88,89,{'nom'},24.815243637002506,358.78792410912274,616.3968322538751,1.841139895271201,2.5526781935257006,{'nom'},{'nom'},24.815243637002506,358.78792410912274,616.3968322538751,1.841139895271201,2.5526781935257006,{'nom'},{'nom'},24.815243637002506,358.78792410912274,616.3968322538751,1.841139895271201,2.5526781935257006,{'nom'},{'nom'},{'nom'},0,0,0,0,0,0,24,358,616,0,0,0,0,0,0,24,358,616,0,0,0,0,0,0,24,358,616
89,90,{'nom'},24.114401223458707,357.0072421589663,618.8783566175754,1.7806819501564495,2.4815243637002506,{'nom'},{'nom'},24.114401223458707,357.0072421589663,618.8783566175754,1.7806819501564495,2.4815243637002506,{'nom'},{'nom'},24.114401223458707,357.0072421589663,618.8783566175754,1.7806819501564495,2.4815243637002506,{'nom'},{'nom'},{'nom'},0,0,0,0,0,0,24,357,618,0,0,0,0,0,0,24,357,618,0,0,0,0,0,0,24,357,618
90,91,{'nom'},23.424764276533196,355.28543898354593,621.2897967399213,1.721803175420359,2.4114401223458706,{'nom'},{'nom'},23.424764276533196,355.28543898354593,621.2897967399213,1.721803175420359,2.4114401223458706,{'nom'},{'nom'},23.424764276533196,355.28543898354593,621.2897967399213,1.721803175420359,2.4114401223458706,{'nom'},{'nom'},{'nom'},0,0,0,0,0,0,23,355,621,0,0,0,0,0,0,23,355,621,0,0,0,0,0,0,23,355,621
91,92,{'nom'},22.746783380694712,353.6209434517311,623.6322731675746,1.664495531814836,2.3424764276533194,{'nom'},{'nom'},22.746783380694712,353.6209434517311,623.6322731675746,1.664495531814836,2.3424764276533194,{'nom'},{'nom'},22.746783380694712,353.6209434517311,623.6322731675746,1.664495531814836,2.3424764276533194,{'nom'},{'nom'},{'nom'},0,0,0,0,0,0,22,353,623,0,0,0,0,0,0,22,353,623,0,0,0,0,0,0,22,353,623
92,93,{'nom'},22.080852842539926,352.0121956518164,625.9069515056441,1.6087477999146844,2.2746783380694713,{'nom'},{'nom'},22.080852842539926,352.0121956518164,625.9069515056441,1.6087477999146844,2.2746783380694713,{'nom'},{'nom'},22.080852842539926,352.0121956518164,625.9069515056441,1.6087477999146844,2.2746783380694713,{'nom'},{'nom'},{'nom'},0,0,0,0,0,0,22,352,625,0,0,0,0,0,0,22,352,625,0,0,0,0,0,0,22,352,625
93,94,{'nom'},21.42731345647936,350.45764975362295,628.1150367898981,1.5545458981934261,2.2080852842539924,{'nom'},{'nom'},21.42731345647936,350.45764975362295,628.1150367898981,1.5545458981934261,2.2080852842539924,{'nom'},{'nom'},21.42731345647936,350.45764975362295,628.1150367898981,1.5545458981934261,2.2080852842539924,{'nom'},{'nom'},{'nom'},0,0,0,0,0,0,21,350,628,0,0,0,0,0,0,21,350,628,0,0,0,0,0,0,21,350,628
94,95,{'nom'},20.786455293729812,348.95577657072454,630.257768135546,1.5018731828983871,2.142731345647936,{'nom'},{'nom'},20.786455293729812,348.95577657072454,630.257768135546,1.5018731828983871,2.142731345647936,{'nom'},{'nom'},20.786455293729812,348.95577657072454,630.257768135546,1.5018731828983871,2.142731345647936,{'nom'},{'nom'},{'nom'},0,0,0,0,0,0,20,348,630,0,0,0,0,0,0,20,348,630,0,0,0,0,0,0,20,348,630
95,96,{'nom'},20.158520494192057,347.5050658408893,632.3364136649191,1.450710729835227,2.0786455293729813,{'nom'},{'nom'},20.158520494192057,347.5050658408893,632.3364136649191,1.450710729835227,2.0786455293729813,{'nom'},{'nom'},20.158520494192057,347.5050658408893,632.3364136649191,1.450710729835227,2.0786455293729813,{'nom'},{'nom'},{'nom'},0,0,0,0,0,0,20,347,632,0,0,0,0,0,0,20,347,632,0,0,0,0,0,0,20,347,632
96,97,{'nom'},19.543706043090676,346.1040282425715,634.3522657143383,1.4010375983178256,2.015852049419206,{'nom'},{'nom'},19.543706043090676,346.1040282425715,634.3522657143383,1.4010375983178256,2.015852049419206,{'nom'},{'nom'},19.543706043090676,346.1040282425715,634.3522657143383,1.4010375983178256,2.015852049419206,{'nom'},{'nom'},{'nom'},0,0,0,0,0,0,19,346,634,0,0,0,0,0,0,19,346,634,0,0,0,0,0,0,19,346,634
97,98,{'nom'},18.942166516442082,344.751197164911,636.3066363186473,1.3528310776604742,1.9543706043090676,{'nom'},{'nom'},18.942166516442082,344.751197164911,636.3066363186473,1.3528310776604742,1.9543706043090676,{'nom'},{'nom'},18.942166516442082,344.751197164911,636.3066363186473,1.3528310776604742,1.9543706043090676,{'nom'},{'nom'},{'nom'},0,0,0,0,0,0,18,344,636,0,0,0,0,0,0,18,344,636,0,0,0,0,0,0,18,344,636
98,99,{'nom'},18.354016781485974,343.4451302482229,638.2008529702915,1.3060669166881,1.8942166516442083,{'nom'},{'nom'},18.354016781485974,343.4451302482229,638.2008529702915,1.3060669166881,1.8942166516442083,{'nom'},{'nom'},18.354016781485974,343.4451302482229,638.2008529702915,1.3060669166881,1.8942166516442083,{'nom'},{'nom'},{'nom'},0,0,0,0,0,0,18,343,638,0,0,0,0,0,0,18,343,638,0,0,0,0,0,0,18,343,638
99,100,{'nom'},17.77933464015648,342.18441071140376,640.0362546484401,1.260719536819104,1.8354016781485973,{'nom'},{'nom'},17.77933464015648,342.18441071140376,640.0362546484401,1.260719536819104,1.8354016781485973,{'nom'},{'nom'},17.77933464015648,342.18441071140376,640.0362546484401,1.260719536819104,1.8354016781485973,{'nom'},{'nom'},{'nom'},0,0,0,0,0,0,17,342,640,0,0,0,0,0,0,17,342,640,0,0,0,0,0,0,17,342,640
100,101,{'nom'},17.21816340547739,340.9676484820672,641.8141881124558,1.2167622293365588,1.7779334640156481,{'nom'},{'nom'},17.21816340547739,340.9676484820672,641.8141881124558,1.2167622293365588,1.7779334640156481,{'nom'},{'nom'},17.21816340547739,340.9676484820672,641.8141881124558,1.2167622293365588,1.7779334640156481,{'nom'},{'nom'},{'nom'},0,0,0,0,0,0,17,340,641,0,0,0,0,0,0,17,340,641,0,0,0,0,0,0,17,340,641
101,102,{'nom'},16.670514402438773,339.7934811445581,643.5360044530036,1.1741673375091217,1.7218163405477391,{'nom'},{'nom'},16.670514402438773,339.7934811445581,643.5360044530036,1.1741673375091217,1.7218163405477391,{'nom'},{'nom'},16.670514402438773,339.7934811445581,643.5360044530036,1.1741673375091217,1.7218163405477391,{'nom'},{'nom'},{'nom'},0,0,0,0,0,0,16,339,643,0,0,0,0,0,0,16,339,643,0,0,0,0,0,0,16,339,643
102,103,{'nom'},16.13636938644993,338.66057472030303,645.2030558932474,1.1329064242550329,1.6670514402438772,{'nom'},{'nom'},16.13636938644993,338.66057472030303,645.2030558932474,1.1329064242550329,1.6670514402438772,{'nom'},{'nom'},16.13636938644993,338.66057472030303,645.2030558932474,1.1329064242550329,1.6670514402438772,{'nom'},{'nom'},{'nom'},0,0,0,0,0,0,16,338,645,0,0,0,0,0,0,16,338,645,0,0,0,0,0,0,16,338,645
103,104,{'nom'},15.615682873867783,337.5676242942402,646.8166928318924,1.0929504260628473,1.613636938644993,{'nom'},{'nom'},15.615682873867783,337.5676242942402,646.8166928318924,1.0929504260628473,1.613636938644993,{'nom'},{'nom'},15.615682873867783,337.5676242942402,646.8166928318924,1.0929504260628473,1.613636938644993,{'nom'},{'nom'},{'nom'},0,0,0,0,0,0,15,337,646,0,0,0,0,0,0,15,337,646,0,0,0,0,0,0,15,337,646
104,105,{'nom'},15.108384380373765,336.5133545003474,648.3782611192792,1.05426979389276,1.5615682873867782,{'nom'},{'nom'},15.108384380373765,336.5133545003474,648.3782611192792,1.05426979389276,1.5615682873867782,{'nom'},{'nom'},15.108384380373765,336.5133545003474,648.3782611192792,1.05426979389276,1.5615682873867782,{'nom'},{'nom'},{'nom'},0,0,0,0,0,0,15,336,648,0,0,0,0,0,0,15,336,648,0,0,0,0,0,0,15,336,648
105,106,{'nom'},14.614380564120435,335.4965198785634,649.8890995573165,1.0168346217840458,1.5108384380373765,{'nom'},{'nom'},14.614380564120435,335.4965198785634,649.8890995573165,1.0168346217840458,1.5108384380373765,{'nom'},{'nom'},14.614380564120435,335.4965198785634,649.8890995573165,1.0168346217840458,1.5108384380373765,{'nom'},{'nom'},{'nom'},0,0,0,0,0,0,14,335,649,0,0,0,0,0,0,14,335,649,0,0,0,0,0,0,14,335,649
106,107,{'nom'},14.133557271597056,334.51590511467475,651.3505376137285,0.9806147638886644,1.4614380564120435,{'nom'},{'nom'},14.133557271597056,334.51590511467475,651.3505376137285,0.9806147638886644,1.4614380564120435,{'nom'},{'nom'},14.133557271597056,334.51590511467475,651.3505376137285,0.9806147638886644,1.4614380564120435,{'nom'},{'nom'},{'nom'},0,0,0,0,0,0,14,334,651,0,0,0,0,0,0,14,334,651,0,0,0,0,0,0,14,334,651
107,108,{'nom'},13.665781485077027,333.5703251740351,652.7638933408882,0.9455799406396765,1.4133557271597055,{'nom'},{'nom'},13.665781485077027,333.5703251740351,652.7638933408882,0.9455799406396765,1.4133557271597055,{'nom'},{'nom'},13.665781485077027,333.5703251740351,652.7638933408882,0.9455799406396765,1.4133557271597055,{'nom'},{'nom'},{'nom'},0,0,0,0,0,0,13,333,652,0,0,0,0,0,0,13,333,652,0,0,0,0,0,0,13,333,652
108,109,{'nom'},13.210903171316215,332.65862533928816,654.130471489396,0.9116998347468904,1.3665781485077027,{'nom'},{'nom'},13.210903171316215,332.65862533928816,654.130471489396,0.9116998347468904,1.3665781485077027,{'nom'},{'nom'},13.210903171316215,332.65862533928816,654.130471489396,0.9116998347468904,1.3665781485077027,{'nom'},{'nom'},{'nom'},0,0,0,0,0,0,13,332,654,0,0,0,0,0,0,13,332,654,0,0,0,0,0,0,13,332,654
109,110,{'nom'},12.768757031876692,331.77968116159605,655.4515618065276,0.878944177692099,1.3210903171316215,{'nom'},{'nom'},12.768757031876692,331.77968116159605,655.4515618065276,0.878944177692099,1.3210903171316215,{'nom'},{'nom'},12.768757031876692,331.77968116159605,655.4515618065276,0.878944177692099,1.3210903171316215,{'nom'},{'nom'},{'nom'},0,0,0,0,0,0,12,331,655,0,0,0,0,0,0,12,331,655,0,0,0,0,0,0,12,331,655
110,111,{'nom'},12.33916415606221,330.93239833422285,656.7284375097153,0.8472828273731873,1.2768757031876692,{'nom'},{'nom'},12.33916415606221,330.93239833422285,656.7284375097153,0.8472828273731873,1.2768757031876692,{'nom'},{'nom'},12.33916415606221,330.93239833422285,656.7284375097153,0.8472828273731873,1.2768757031876692,{'nom'},{'nom'},{'nom'},0,0,0,0,0,0,12,330,656,0,0,0,0,0,0,12,330,656,0,0,0,0,0,0,12,330,656
111,112,{'nom'},11.92193357797706,330.1157124967018,657.9623539253215,0.8166858375210689,1.233916415606221,{'nom'},{'nom'},11.92193357797706,330.1157124967018,657.9623539253215,0.8166858375210689,1.233916415606221,{'nom'},{'nom'},11.92193357797706,330.1157124967018,657.9623539253215,0.8166858375210689,1.233916415606221,{'nom'},{'nom'},{'nom'},0,0,0,0,0,0,11,330,657,0,0,0,0,0,0,11,330,657,0,0,0,0,0,0,11,330,657
112,113,{'nom'},11.516863739665803,329.32858897721536,659.1545472831192,0.7871235194864502,1.192193357797706,{'nom'},{'nom'},11.516863739665803,329.32858897721536,659.1545472831192,0.7871235194864502,1.192193357797706,{'nom'},{'nom'},11.516863739665803,329.32858897721536,659.1545472831192,0.7871235194864502,1.192193357797706,{'nom'},{'nom'},{'nom'},0,0,0,0,0,0,11,329,659,0,0,0,0,0,0,11,329,659,0,0,0,0,0,0,11,329,659
113,114,{'nom'},11.123743862664622,328.57002248025,660.3062336570857,0.758566496965399,1.1516863739665804,{'nom'},{'nom'},11.123743862664622,328.57002248025,660.3062336570857,0.758566496965399,1.1516863739665804,{'nom'},{'nom'},11.123743862664622,328.57002248025,660.3062336570857,0.758566496965399,1.1516863739665804,{'nom'},{'nom'},{'nom'},0,0,0,0,0,0,11,328,660,0,0,0,0,0,0,11,328,660,0,0,0,0,0,0,11,328,660
114,115,{'nom'},10.742355230602211,327.83903672604595,661.4186080433522,0.7309857542040514,1.1123743862664621,{'nom'},{'nom'},10.742355230602211,327.83903672604595,661.4186080433522,0.7309857542040514,1.1123743862664621,{'nom'},{'nom'},10.742355230602211,327.83903672604595,661.4186080433522,0.7309857542040514,1.1123743862664621,{'nom'},{'nom'},{'nom'},0,0,0,0,0,0,10,327,661,0,0,0,0,0,0,10,327,661,0,0,0,0,0,0,10,327,661
115,116,{'nom'},10.372472385735916,327.13468404785203,662.4928435664124,0.704352678193926,1.0742355230602212,{'nom'},{'nom'},10.372472385735916,327.13468404785203,662.4928435664124,0.704352678193926,1.0742355230602212,{'nom'},{'nom'},10.372472385735916,327.13468404785203,662.4928435664124,0.704352678193926,1.0742355230602212,{'nom'},{'nom'},{'nom'},0,0,0,0,0,0,10,327,662,0,0,0,0,0,0,10,327,662,0,0,0,0,0,0,10,327,662
116,117,{'nom'},10.013864242502882,326.4560449525115,663.530090804986,0.6786390953405578,1.0372472385735916,{'nom'},{'nom'},10.013864242502882,326.4560449525115,663.530090804986,0.6786390953405578,1.0372472385735916,{'nom'},{'nom'},10.013864242502882,326.4560449525115,663.530090804986,0.6786390953405578,1.0372472385735916,{'nom'},{'nom'},{'nom'},0,0,0,0,0,0,10,326,663,0,0,0,0,0,0,10,326,663,0,0,0,0,0,0,10,326,663
117,118,{'nom'},9.666295121312366,325.8022276494517,664.5314772292363,0.6538173030597736,1.0013864242502881,{'nom'},{'nom'},9.666295121312366,325.8022276494517,664.5314772292363,0.6538173030597736,1.0013864242502881,{'nom'},{'nom'},9.666295121312366,325.8022276494517,664.5314772292363,0.6538173030597736,1.0013864242502881,{'nom'},{'nom'},{'nom'},0,0,0,0,0,0,9,325,664,0,0,0,0,0,0,9,325,664,0,0,0,0,0,0,9,325,664
118,119,{'nom'},9.32952570590925,325.1723675527236,665.4981067413676,0.6298600967281192,0.9666295121312366,{'nom'},{'nom'},9.32952570590925,325.1723675527236,665.4981067413676,0.6298600967281192,0.9666295121312366,{'nom'},{'nom'},9.32952570590925,325.1723675527236,665.4981067413676,0.6298600967281192,0.9666295121312366,{'nom'},{'nom'},{'nom'},0,0,0,0,0,0,9,325,665,0,0,0,0,0,0,9,325,665,0,0,0,0,0,0,9,325,665
119,120,{'nom'},9.003313927705225,324.56562676033667,666.4310593119585,0.606740792386901,0.932952570590925,{'nom'},{'nom'},9.003313927705225,324.56562676033667,666.4310593119585,0.606740792386901,0.932952570590925,{'nom'},{'nom'},9.003313927705225,324.56562676033667,666.4310593119585,0.606740792386901,0.932952570590925,{'nom'},{'nom'},{'nom'},0,0,0,0,0,0,9,324,666,0,0,0,0,0,0,9,324,666,0,0,0,0,0,0,9,324,666
120,121,{'nom'},8.687415780507845,323.9811935147635,667.3313907047291,0.584433245573143,0.9003313927705225,{'nom'},{'nom'},8.687415780507845,323.9811935147635,667.3313907047291,0.584433245573143,0.9003313927705225,{'nom'},{'nom'},8.687415780507845,323.9811935147635,667.3313907047291,0.584433245573143,0.9003313927705225,{'nom'},{'nom'},{'nom'},0,0,0,0,0,0,8,323,667,0,0,0,0,0,0,8,323,667,0,0,0,0,0,0,8,323,667
121,122,{'nom'},8.381586069082644,323.4182816481379,668.2001322827798,0.5629118666255845,0.8687415780507844,{'nom'},{'nom'},8.381586069082644,323.4182816481379,668.2001322827798,0.5629118666255845,0.8687415780507844,{'nom'},{'nom'},8.381586069082644,323.4182816481379,668.2001322827798,0.5629118666255845,0.8687415780507844,{'nom'},{'nom'},{'nom'},0,0,0,0,0,0,8,323,668,0,0,0,0,0,0,8,323,668,0,0,0,0,0,0,8,323,668
122,123,{'nom'},8.085579094964116,322.87613001534817,669.038290889688,0.5421516327897359,0.8381586069082644,{'nom'},{'nom'},8.085579094964116,322.87613001534817,669.038290889688,0.5421516327897359,0.8381586069082644,{'nom'},{'nom'},8.085579094964116,322.87613001534817,669.038290889688,0.5421516327897359,0.8381586069082644,{'nom'},{'nom'},{'nom'},0,0,0,0,0,0,8,322,669,0,0,0,0,0,0,8,322,669,0,0,0,0,0,0,8,322,669
123,124,{'nom'},7.799149282890707,322.3540019179252,669.8468487991844,0.5221280974230029,0.8085579094964116,{'nom'},{'nom'},7.799149282890707,322.3540019179252,669.8468487991844,0.5221280974230029,0.8085579094964116,{'nom'},{'nom'},7.799149282890707,322.3540019179252,669.8468487991844,0.5221280974230029,0.8085579094964116,{'nom'},{'nom'},{'nom'},0,0,0,0,0,0,7,322,669,0,0,0,0,0,0,7,322,669,0,0,0,0,0,0,7,322,669
124,125,{'nom'},7.522051751180664,321.85118452134617,670.6267637274734,0.5028173965790272,0.7799149282890707,{'nom'},{'nom'},7.522051751180664,321.85118452134617,670.6267637274734,0.5028173965790272,0.7799149282890707,{'nom'},{'nom'},7.522051751180664,321.85118452134617,670.6267637274734,0.5028173965790272,0.7799149282890707,{'nom'},{'nom'},{'nom'},0,0,0,0,0,0,7,321,670,0,0,0,0,0,0,7,321,670,0,0,0,0,0,0,7,321,670
125,126,{'nom'},7.25404282929227,321.3669882681165,671.3789689025915,0.4841962532296725,0.7522051751180664,{'nom'},{'nom'},7.25404282929227,321.3669882681165,671.3789689025915,0.4841962532296725,0.7522051751180664,{'nom'},{'nom'},7.25404282929227,321.3669882681165,671.3789689025915,0.4841962532296725,0.7522051751180664,{'nom'},{'nom'},{'nom'},0,0,0,0,0,0,7,321,671,0,0,0,0,0,0,7,321,671,0,0,0,0,0,0,7,321,671
126,127,{'nom'},6.994880525726559,320.90074628875294,672.1043731855208,0.46624197936351663,0.725404282929227,{'nom'},{'nom'},6.994880525726559,320.90074628875294,672.1043731855208,0.46624197936351663,0.725404282929227,{'nom'},{'nom'},6.994880525726559,320.90074628875294,672.1043731855208,0.46624197936351663,0.725404282929227,{'nom'},{'nom'},{'nom'},0,0,0,0,0,0,6,320,672,0,0,0,0,0,0,6,320,672,0,0,0,0,0,0,6,320,672
127,128,{'nom'},6.744324949335167,320.4518138125717,672.8038612380934,0.4489324761812634,0.6994880525726559,{'nom'},{'nom'},6.744324949335167,320.4518138125717,672.8038612380934,0.4489324761812634,0.6994880525726559,{'nom'},{'nom'},6.744324949335167,320.4518138125717,672.8038612380934,0.4489324761812634,0.6994880525726559,{'nom'},{'nom'},{'nom'},0,0,0,0,0,0,6,320,672,0,0,0,0,0,0,6,320,672,0,0,0,0,0,0,6,320,672
128,129,{'nom'},6.502138686992817,320.0195675799805,673.4782937330269,0.432246232591167,0.6744324949335166,{'nom'},{'nom'},6.502138686992817,320.0195675799805,673.4782937330269,0.432246232591167,0.6744324949335166,{'nom'},{'nom'},6.502138686992817,320.0195675799805,673.4782937330269,0.432246232591167,0.6744324949335166,{'nom'},{'nom'},{'nom'},0,0,0,0,0,0,6,320,673,0,0,0,0,0,0,6,320,673,0,0,0,0,0,0,6,320,673
129,130,{'nom'},6.268087140484836,319.6034052577892,674.1285076017263,0.41616232219130067,0.6502138686992817,{'nom'},{'nom'},6.268087140484836,319.6034052577892,674.1285076017263,0.41616232219130067,0.6502138686992817,{'nom'},{'nom'},6.268087140484836,319.6034052577892,674.1285076017263,0.41616232219130067,0.6502138686992817,{'nom'},{'nom'},{'nom'},0,0,0,0,0,0,6,319,674,0,0,0,0,0,0,6,319,674,0,0,0,0,0,0,6,319,674
130,131,{'nom'},6.041938825346654,319.2027448588789,674.7553163157747,0.40066039891030236,0.6268087140484836,{'nom'},{'nom'},6.041938825346654,319.2027448588789,674.7553163157747,0.40066039891030236,0.6268087140484836,{'nom'},{'nom'},6.041938825346654,319.2027448588789,674.7553163157747,0.40066039891030236,0.6268087140484836,{'nom'},{'nom'},{'nom'},0,0,0,0,0,0,6,319,674,0,0,0,0,0,0,6,319,674,0,0,0,0,0,0,6,319,674
131,132,{'nom'},5.823465634276005,318.81702416741484,675.3595101983094,0.38572069146401644,0.6041938825346654,{'nom'},{'nom'},5.823465634276005,318.81702416741484,675.3595101983094,0.38572069146401644,0.6041938825346654,{'nom'},{'nom'},5.823465634276005,318.81702416741484,675.3595101983094,0.38572069146401644,0.6041938825346654,{'nom'},{'nom'},{'nom'},0,0,0,0,0,0,5,318,675,0,0,0,0,0,0,5,318,675,0,0,0,0,0,0,5,318,675
132,133,{'nom'},5.612443067620621,318.4457001706426,675.941856761737,0.37132399677221656,0.5823465634276005,{'nom'},{'nom'},5.612443067620621,318.4457001706426,675.941856761737,0.37132399677221656,0.5823465634276005,{'nom'},{'nom'},5.612443067620621,318.4457001706426,675.941856761737,0.37132399677221656,0.5823465634276005,{'nom'},{'nom'},{'nom'},0,0,0,0,0,0,5,318,675,0,0,0,0,0,0,5,318,675,0,0,0,0,0,0,5,318,675
133,134,{'nom'},5.408650433325823,318.08824849817535,676.5031010684991,0.3574516724672636,0.561244306762062,{'nom'},{'nom'},5.408650433325823,318.08824849817535,676.5031010684991,0.3574516724672636,0.561244306762062,{'nom'},{'nom'},5.408650433325823,318.08824849817535,676.5031010684991,0.3574516724672636,0.561244306762062,{'nom'},{'nom'},{'nom'},0,0,0,0,0,0,5,318,676,0,0,0,0,0,0,5,318,676,0,0,0,0,0,0,5,318,676
134,135,{'nom'},5.211871018608342,317.7441628695602,677.0439661118317,0.34408562861510167,0.5408650433325823,{'nom'},{'nom'},5.211871018608342,317.7441628695602,677.0439661118317,0.34408562861510167,0.5408650433325823,{'nom'},{'nom'},5.211871018608342,317.7441628695602,677.0439661118317,0.34408562861510167,0.5408650433325823,{'nom'},{'nom'},{'nom'},0,0,0,0,0,0,5,317,677,0,0,0,0,0,0,5,317,677,0,0,0,0,0,0,5,317,677
135,136,{'nom'},5.021892235505874,317.4129545508019,677.5651532136925,0.331208318758366,0.5211871018608342,{'nom'},{'nom'},5.021892235505874,317.4129545508019,677.5651532136925,0.331208318758366,0.5211871018608342,{'nom'},{'nom'},5.021892235505874,317.4129545508019,677.5651532136925,0.331208318758366,0.5211871018608342,{'nom'},{'nom'},{'nom'},0,0,0,0,0,0,5,317,677,0,0,0,0,0,0,5,317,677,0,0,0,0,0,0,5,317,677
136,137,{'nom'},4.8385057423368165,317.09415182042034,678.067342437243,0.3188027303815302,0.5021892235505874,{'nom'},{'nom'},4.8385057423368165,317.09415182042034,678.067342437243,0.3188027303815302,0.5021892235505874,{'nom'},{'nom'},4.8385057423368165,317.09415182042034,678.067342437243,0.3188027303815302,0.5021892235505874,{'nom'},{'nom'},{'nom'},0,0,0,0,0,0,4,317,678,0,0,0,0,0,0,4,317,678,0,0,0,0,0,0,4,317,678
137,138,{'nom'},4.66150754299204,316.7872994455314,678.5511930114767,0.30685237488890527,0.48385057423368166,{'nom'},{'nom'},4.66150754299204,316.7872994455314,678.5511930114767,0.30685237488890527,0.48385057423368166,{'nom'},{'nom'},4.66150754299204,316.7872994455314,678.5511930114767,0.30685237488890527,0.48385057423368166,{'nom'},{'nom'},{'nom'},0,0,0,0,0,0,4,316,678,0,0,0,0,0,0,4,316,678,0,0,0,0,0,0,4,316,678
138,139,{'nom'},4.4906980658707205,316.4919581683535,679.0173437657759,0.29534127717788455,0.466150754299204,{'nom'},{'nom'},4.4906980658707205,316.4919581683535,679.0173437657759,0.29534127717788455,0.466150754299204,{'nom'},{'nom'},4.4906980658707205,316.4919581683535,679.0173437657759,0.29534127717788455,0.466150754299204,{'nom'},{'nom'},{'nom'},0,0,0,0,0,0,4,316,679,0,0,0,0,0,0,4,316,679,0,0,0,0,0,0,4,316,679
139,140,{'nom'},4.325882224165701,316.20770420347145,679.466413572363,0.2842539648820524,0.4490698065870721,{'nom'},{'nom'},4.325882224165701,316.20770420347145,679.466413572363,0.2842539648820524,0.4490698065870721,{'nom'},{'nom'},4.325882224165701,316.20770420347145,679.466413572363,0.2842539648820524,0.4490698065870721,{'nom'},{'nom'},{'nom'},0,0,0,0,0,0,4,316,679,0,0,0,0,0,0,4,316,679,0,0,0,0,0,0,4,316,679
140,141,{'nom'},4.16686945910074,315.9341287461198,679.8990017947796,0.27357545735160865,0.43258822241657013,{'nom'},{'nom'},4.16686945910074,315.9341287461198,679.8990017947796,0.27357545735160865,0.43258822241657013,{'nom'},{'nom'},4.16686945910074,315.9341287461198,679.8990017947796,0.27357545735160865,0.43258822241657013,{'nom'},{'nom'},{'nom'},0,0,0,0,0,0,4,315,679,0,0,0,0,0,0,4,315,679,0,0,0,0,0,0,4,315,679
141,142,{'nom'},4.013473767622627,315.67083749168785,680.3156887406897,0.2632912544319616,0.416686945910074,{'nom'},{'nom'},4.013473767622627,315.67083749168785,680.3156887406897,0.2632912544319616,0.416686945910074,{'nom'},{'nom'},4.013473767622627,315.67083749168785,680.3156887406897,0.2632912544319616,0.416686945910074,{'nom'},{'nom'},{'nom'},0,0,0,0,0,0,4,315,680,0,0,0,0,0,0,4,315,680,0,0,0,0,0,0,4,315,680
142,143,{'nom'},3.865513715955635,315.4174501665926,680.7170361174519,0.2533873250952709,0.40134737676226273,{'nom'},{'nom'},3.865513715955635,315.4174501665926,680.7170361174519,0.2533873250952709,0.40134737676226273,{'nom'},{'nom'},3.865513715955635,315.4174501665926,680.7170361174519,0.2533873250952709,0.40134737676226273,{'nom'},{'nom'},{'nom'},0,0,0,0,0,0,3,315,680,0,0,0,0,0,0,3,315,680,0,0,0,0,0,0,3,315,680
143,144,{'nom'},3.722812440334215,315.1736000706184,681.1035874890475,0.24385009597414337,0.3865513715955635,{'nom'},{'nom'},3.722812440334215,315.1736000706184,681.1035874890475,0.24385009597414337,0.3865513715955635,{'nom'},{'nom'},3.722812440334215,315.1736000706184,681.1035874890475,0.24385009597414337,0.3865513715955635,{'nom'},{'nom'},{'nom'},0,0,0,0,0,0,3,315,681,0,0,0,0,0,0,3,315,681,0,0,0,0,0,0,3,315,681
144,145,{'nom'},3.5851976361423574,314.93893363077683,681.4758687330809,0.2346664398415638,0.3722812440334215,{'nom'},{'nom'},3.5851976361423574,314.93893363077683,681.4758687330809,0.2346664398415638,0.3722812440334215,{'nom'},{'nom'},3.5851976361423574,314.93893363077683,681.4758687330809,0.2346664398415638,0.3722812440334215,{'nom'},{'nom'},{'nom'},0,0,0,0,0,0,3,314,681,0,0,0,0,0,0,3,314,681,0,0,0,0,0,0,3,314,681
145,146,{'nom'},3.452501536604573,314.71310996670036,681.8343884966952,0.22582366407645119,0.35851976361423576,{'nom'},{'nom'},3.452501536604573,314.71310996670036,681.8343884966952,0.22582366407645119,0.35851976361423576,{'nom'},{'nom'},3.452501536604573,314.71310996670036,681.8343884966952,0.22582366407645119,0.35851976361423576,{'nom'},{'nom'},{'nom'},0,0,0,0,0,0,3,314,681,0,0,0,0,0,0,3,314,681,0,0,0,0,0,0,3,314,681
146,147,{'nom'},3.324560882094043,314.49580046755045,682.1796386503556,0.2173094991499274,0.3452501536604573,{'nom'},{'nom'},3.324560882094043,314.49580046755045,682.1796386503556,0.2173094991499274,0.3452501536604573,{'nom'},{'nom'},3.324560882094043,314.49580046755045,682.1796386503556,0.2173094991499274,0.3452501536604573,{'nom'},{'nom'},{'nom'},0,0,0,0,0,0,3,314,682,0,0,0,0,0,0,3,314,682,0,0,0,0,0,0,3,314,682
147,148,{'nom'},3.201216881048093,314.286688380387,682.512094738565,0.20911208716345434,0.3324560882094043,{'nom'},{'nom'},3.201216881048093,314.286688380387,682.512094738565,0.20911208716345434,0.3324560882094043,{'nom'},{'nom'},3.201216881048093,314.286688380387,682.512094738565,0.20911208716345434,0.3324560882094043,{'nom'},{'nom'},{'nom'},0,0,0,0,0,0,3,314,682,0,0,0,0,0,0,3,314,682,0,0,0,0,0,0,3,314,682
148,149,{'nom'},3.082315163409683,314.08546840992057,682.8322164266698,0.2012199704663993,0.32012168810480934,{'nom'},{'nom'},3.082315163409683,314.08546840992057,682.8322164266698,0.2012199704663993,0.32012168810480934,{'nom'},{'nom'},3.082315163409683,314.08546840992057,682.8322164266698,0.2012199704663993,0.32012168810480934,{'nom'},{'nom'},{'nom'},0,0,0,0,0,0,3,314,682,0,0,0,0,0,0,3,314,682,0,0,0,0,0,0,3,314,682
149,150,{'nom'},2.967705727446021,313.8918463295433,683.1404479430107,0.19362208037730624,0.3082315163409683,{'nom'},{'nom'},2.967705727446021,313.8918463295433,683.1404479430107,0.19362208037730624,0.3082315163409683,{'nom'},{'nom'},2.967705727446021,313.8918463295433,683.1404479430107,0.19362208037730624,0.3082315163409683,{'nom'},{'nom'},{'nom'},0,0,0,0,0,0,2,313,683,0,0,0,0,0,0,2,313,683,0,0,0,0,0,0,2,313,683
150,151,{'nom'},2.8572428807315773,313.7055386035131,683.4372185157553,0.18630772603015835,0.29677057274460206,{'nom'},{'nom'},2.8572428807315773,313.7055386035131,683.4372185157553,0.18630772603015835,0.29677057274460206,{'nom'},{'nom'},2.8572428807315773,313.7055386035131,683.4372185157553,0.18630772603015835,0.29677057274460206,{'nom'},{'nom'},{'nom'},0,0,0,0,0,0,2,313,683,0,0,0,0,0,0,2,313,683,0,0,0,0,0,0,2,313,683
151,152,{'nom'},2.7507851760226103,313.5262720201489,683.7229428038285,0.17926658336419055,0.28572428807315775,{'nom'},{'nom'},2.7507851760226103,313.5262720201489,683.7229428038285,0.17926658336419055,0.28572428807315775,{'nom'},{'nom'},2.7507851760226103,313.5262720201489,683.7229428038285,0.17926658336419055,0.28572428807315775,{'nom'},{'nom'},{'nom'},0,0,0,0,0,0,2,313,683,0,0,0,0,0,0,2,313,683,0,0,0,0,0,0,2,313,683
152,153,{'nom'},2.648195342693681,313.35378333587556,683.9980213214308,0.1724886842733316,0.27507851760226104,{'nom'},{'nom'},2.648195342693681,313.35378333587556,683.9980213214308,0.1724886842733316,0.27507851760226104,{'nom'},{'nom'},2.648195342693681,313.35378333587556,683.9980213214308,0.1724886842733316,0.27507851760226104,{'nom'},{'nom'},{'nom'},0,0,0,0,0,0,2,313,683,0,0,0,0,0,0,2,313,683,0,0,0,0,0,0,2,313,683
153,154,{'nom'},2.549340214353415,313.18781892994645,684.2628408557001,0.16596440592910208,0.2648195342693681,{'nom'},{'nom'},2.549340214353415,313.18781892994645,684.2628408557001,0.16596440592910208,0.2648195342693681,{'nom'},{'nom'},2.549340214353415,313.18781892994645,684.2628408557001,0.16596440592910208,0.2648195342693681,{'nom'},{'nom'},{'nom'},0,0,0,0,0,0,2,313,684,0,0,0,0,0,0,2,313,684,0,0,0,0,0,0,2,313,684
154,155,{'nom'},2.454090653206823,313.0281344696577,684.5177748771355,0.15968446028874964,0.2549340214353415,{'nom'},{'nom'},2.454090653206823,313.0281344696577,684.5177748771355,0.15968446028874964,0.2549340214353415,{'nom'},{'nom'},2.454090653206823,313.0281344696577,684.5177748771355,0.15968446028874964,0.2549340214353415,{'nom'},{'nom'},{'nom'},0,0,0,0,0,0,2,313,684,0,0,0,0,0,0,2,313,684,0,0,0,0,0,0,2,313,684
155,156,{'nom'},2.362321471684692,312.8744945858591,684.7631839424562,0.15363988379855112,0.24540906532068232,{'nom'},{'nom'},2.362321471684692,312.8744945858591,684.7631839424562,0.15363988379855112,0.24540906532068232,{'nom'},{'nom'},2.362321471684692,312.8744945858591,684.7631839424562,0.15363988379855112,0.24540906532068232,{'nom'},{'nom'},{'nom'},0,0,0,0,0,0,2,312,684,0,0,0,0,0,0,2,312,684,0,0,0,0,0,0,2,312,684
156,157,{'nom'},2.2739113518167566,312.72667255855856,684.9994160896247,0.14782202730053415,0.2362321471684692,{'nom'},{'nom'},2.2739113518167566,312.72667255855856,684.9994160896247,0.14782202730053415,0.2362321471684692,{'nom'},{'nom'},2.2739113518167566,312.72667255855856,684.9994160896247,0.14782202730053415,0.2362321471684692,{'nom'},{'nom'},{'nom'},0,0,0,0,0,0,2,312,684,0,0,0,0,0,0,2,312,684,0,0,0,0,0,0,2,312,684
157,158,{'nom'},2.1887427627844387,312.5844500124092,685.2268072248063,0.14222254614935764,0.22739113518167567,{'nom'},{'nom'},2.1887427627844387,312.5844500124092,685.2268072248063,0.14222254614935764,0.22739113518167567,{'nom'},{'nom'},2.1887427627844387,312.5844500124092,685.2268072248063,0.14222254614935764,0.22739113518167567,{'nom'},{'nom'},{'nom'},0,0,0,0,0,0,2,312,685,0,0,0,0,0,0,2,312,685,0,0,0,0,0,0,2,312,685
158,159,{'nom'},2.106701877050718,312.4476166218645,685.4456815010848,0.13683339054472296,0.21887427627844386,{'nom'},{'nom'},2.106701877050718,312.4476166218645,685.4456815010848,0.13683339054472296,0.21887427627844386,{'nom'},{'nom'},2.106701877050718,312.4476166218645,685.4456815010848,0.13683339054472296,0.21887427627844386,{'nom'},{'nom'},{'nom'},0,0,0,0,0,0,2,312,685,0,0,0,0,0,0,2,312,685,0,0,0,0,0,0,2,312,685
159,160,{'nom'},2.027678485429107,312.315969825781,685.6563516887899,0.131646796083461,0.2106701877050718,{'nom'},{'nom'},2.027678485429107,312.315969825781,685.6563516887899,0.131646796083461,0.2106701877050718,{'nom'},{'nom'},2.027678485429107,312.315969825781,685.6563516887899,0.131646796083461,0.2106701877050718,{'nom'},{'nom'},{'nom'},0,0,0,0,0,0,2,312,685,0,0,0,0,0,0,2,312,685,0,0,0,0,0,0,2,312,685
