Step,Description,Complete?,Comment
1,Sync appropriate branches into release branch using `git sync-into-dev`,,
2,"Bump version: if version not initialized: ""run bump-my-version stage"" else ""run bump-my-version patch"" or ""rum bump-my-bersion num"" so version is V2.X.X.testnum",,
3,"Sync to bamboo to run tests. If tests fail, fix tests and go to 2.",,
,"Bump version: if version not initialized: ""run bump-my-version stage"" else ""run bump-my-version patch"" so version is V2.X.X.docs (or V2.X.X)",,
4,Sync to bamboo to build docs.,, 
5,Release to GitHub/remotes using ``bump-my-version stage' ' (so version is V2.X.X) and ``git release'' ``,,
5,Create a release in GitHub,,
5a,"""incorporate a narrative summary of features and changes""",,
5b,"""incorporate the auto-generated bitbucket and GitHub release notes.""",,
6,"""Update project plan""",,
6a,"""Include any changed dependencies""",,
6b,"""Include version in schedule""",,
6c,"""Identify and include additional changes/activities""",,
7,Update/check external CI resources as needed,,
7a,"""Toggle CodeFactor so it updates""",,
7b ,"""Check upload to PyPi""",,
