,Generations,Random Fitness Values,Random Health States,time
0,0,6.983890370161575,"[[12.391348054104764, 0.42983535247170757, 0.011494805557719534], [10.673082470454126, 0.10200399965805806, 0.19541602018647464], [17.017375039946383, 0.6334431636401455, 0.4614290893393419], [13.89436636831439, 0.046925317938800726, 0.4748744855811985], [18.064435630479185, 0.181593652547137, 0.3689937599701575], [13.795860510569412, 0.8730637104968415, 0.22164767744656022], [0.5533168549713707, 0.07739146638604555, 0.2715091401957529], [9.62261555775516, 0.009126732985937247, -0.041979015166785705], [14.136405083347618, 0.3814239825986746, -0.3347970691796365], [11.326392436750512, 0.8953943068882094, 0.27718611665512105]]",3.941222505569458
1,1,7.141628728270973,"[[11.597547116915145, 0.6513118805785313, 0.40474615707595407], [13.235353936089052, 0.9469374485573577, -0.3786320586443167], [14.162807601467282, 0.39910403225557645, -0.25289281859965906], [10.861246715285759, 0.4349299483723157, 0.18151956675833358], [5.541651994107406, 0.24560261258011507, 0.17179982974411234], [1.1373692705145722, 0.17366903170671122, 0.024295218573277988], [11.419643606783733, 0.5358834820915385, -0.3230593616901105], [18.935773044014304, 0.9601874708687321, -0.09212256884054748], [11.457774147521896, 0.27258392377465146, -0.13292817895918185], [19.06742184431216, 0.1789247706304501, -0.3677134199416404]]",7.882445011138916
2,2,7.141628728270973,"[[11.597547116915145, 0.6513118805785313, 0.40474615707595407], [13.235353936089052, 0.9469374485573577, -0.3786320586443167], [14.162807601467282, 0.39910403225557645, -0.25289281859965906], [10.861246715285759, 0.4349299483723157, 0.18151956675833358], [5.541651994107406, 0.24560261258011507, 0.17179982974411234], [1.1373692705145722, 0.17366903170671122, 0.024295218573277988], [11.419643606783733, 0.5358834820915385, -0.3230593616901105], [18.935773044014304, 0.9601874708687321, -0.09212256884054748], [11.457774147521896, 0.27258392377465146, -0.13292817895918185], [19.06742184431216, 0.1789247706304501, -0.3677134199416404]]",11.823667516708374
3,3,8.16339057366105,"[[17.025726500051853, 0.9995906441103445, 0.27150917582495193], [19.55478518443563, 0.3134929997866349, 0.4471247508736903], [16.214626271069797, 0.46898630615788794, 0.31803458424223086], [12.773943579847577, 0.02868912098935139, 0.45264522279026886], [18.69585669924381, 0.9589175415014033, -0.15556632582214192], [12.789585150531583, 0.3137524130721363, 0.22420119432646424], [19.13600199664113, 0.3477516531239876, -0.17680448867765797], [8.947357294808672, 0.8616504862913119, -0.4412341428597687], [16.66115234936459, 0.5492910758331964, 0.014652918090232947], [12.563822636004641, 0.12031900434015186, -0.019210567805231005]]",15.764890022277832
4,4,8.16339057366105,"[[17.025726500051853, 0.9995906441103445, 0.27150917582495193], [19.55478518443563, 0.3134929997866349, 0.4471247508736903], [16.214626271069797, 0.46898630615788794, 0.31803458424223086], [12.773943579847577, 0.02868912098935139, 0.45264522279026886], [18.69585669924381, 0.9589175415014033, -0.15556632582214192], [12.789585150531583, 0.3137524130721363, 0.22420119432646424], [19.13600199664113, 0.3477516531239876, -0.17680448867765797], [8.947357294808672, 0.8616504862913119, -0.4412341428597687], [16.66115234936459, 0.5492910758331964, 0.014652918090232947], [12.563822636004641, 0.12031900434015186, -0.019210567805231005]]",19.70611252784729
5,5,8.16339057366105,"[[17.025726500051853, 0.9995906441103445, 0.27150917582495193], [19.55478518443563, 0.3134929997866349, 0.4471247508736903], [16.214626271069797, 0.46898630615788794, 0.31803458424223086], [12.773943579847577, 0.02868912098935139, 0.45264522279026886], [18.69585669924381, 0.9589175415014033, -0.15556632582214192], [12.789585150531583, 0.3137524130721363, 0.22420119432646424], [19.13600199664113, 0.3477516531239876, -0.17680448867765797], [8.947357294808672, 0.8616504862913119, -0.4412341428597687], [16.66115234936459, 0.5492910758331964, 0.014652918090232947], [12.563822636004641, 0.12031900434015186, -0.019210567805231005]]",23.64733503341675
6,6,8.16339057366105,"[[17.025726500051853, 0.9995906441103445, 0.27150917582495193], [19.55478518443563, 0.3134929997866349, 0.4471247508736903], [16.214626271069797, 0.46898630615788794, 0.31803458424223086], [12.773943579847577, 0.02868912098935139, 0.45264522279026886], [18.69585669924381, 0.9589175415014033, -0.15556632582214192], [12.789585150531583, 0.3137524130721363, 0.22420119432646424], [19.13600199664113, 0.3477516531239876, -0.17680448867765797], [8.947357294808672, 0.8616504862913119, -0.4412341428597687], [16.66115234936459, 0.5492910758331964, 0.014652918090232947], [12.563822636004641, 0.12031900434015186, -0.019210567805231005]]",27.588557538986205
7,7,8.16339057366105,"[[17.025726500051853, 0.9995906441103445, 0.27150917582495193], [19.55478518443563, 0.3134929997866349, 0.4471247508736903], [16.214626271069797, 0.46898630615788794, 0.31803458424223086], [12.773943579847577, 0.02868912098935139, 0.45264522279026886], [18.69585669924381, 0.9589175415014033, -0.15556632582214192], [12.789585150531583, 0.3137524130721363, 0.22420119432646424], [19.13600199664113, 0.3477516531239876, -0.17680448867765797], [8.947357294808672, 0.8616504862913119, -0.4412341428597687], [16.66115234936459, 0.5492910758331964, 0.014652918090232947], [12.563822636004641, 0.12031900434015186, -0.019210567805231005]]",31.529780044555665
8,8,8.16339057366105,"[[17.025726500051853, 0.9995906441103445, 0.27150917582495193], [19.55478518443563, 0.3134929997866349, 0.4471247508736903], [16.214626271069797, 0.46898630615788794, 0.31803458424223086], [12.773943579847577, 0.02868912098935139, 0.45264522279026886], [18.69585669924381, 0.9589175415014033, -0.15556632582214192], [12.789585150531583, 0.3137524130721363, 0.22420119432646424], [19.13600199664113, 0.3477516531239876, -0.17680448867765797], [8.947357294808672, 0.8616504862913119, -0.4412341428597687], [16.66115234936459, 0.5492910758331964, 0.014652918090232947], [12.563822636004641, 0.12031900434015186, -0.019210567805231005]]",35.47100255012512
9,9,8.16339057366105,"[[17.025726500051853, 0.9995906441103445, 0.27150917582495193], [19.55478518443563, 0.3134929997866349, 0.4471247508736903], [16.214626271069797, 0.46898630615788794, 0.31803458424223086], [12.773943579847577, 0.02868912098935139, 0.45264522279026886], [18.69585669924381, 0.9589175415014033, -0.15556632582214192], [12.789585150531583, 0.3137524130721363, 0.22420119432646424], [19.13600199664113, 0.3477516531239876, -0.17680448867765797], [8.947357294808672, 0.8616504862913119, -0.4412341428597687], [16.66115234936459, 0.5492910758331964, 0.014652918090232947], [12.563822636004641, 0.12031900434015186, -0.019210567805231005]]",39.41222505569458
10,10,8.16339057366105,"[[17.025726500051853, 0.9995906441103445, 0.27150917582495193], [19.55478518443563, 0.3134929997866349, 0.4471247508736903], [16.214626271069797, 0.46898630615788794, 0.31803458424223086], [12.773943579847577, 0.02868912098935139, 0.45264522279026886], [18.69585669924381, 0.9589175415014033, -0.15556632582214192], [12.789585150531583, 0.3137524130721363, 0.22420119432646424], [19.13600199664113, 0.3477516531239876, -0.17680448867765797], [8.947357294808672, 0.8616504862913119, -0.4412341428597687], [16.66115234936459, 0.5492910758331964, 0.014652918090232947], [12.563822636004641, 0.12031900434015186, -0.019210567805231005]]",43.35344756126404
11,11,8.16339057366105,"[[17.025726500051853, 0.9995906441103445, 0.27150917582495193], [19.55478518443563, 0.3134929997866349, 0.4471247508736903], [16.214626271069797, 0.46898630615788794, 0.31803458424223086], [12.773943579847577, 0.02868912098935139, 0.45264522279026886], [18.69585669924381, 0.9589175415014033, -0.15556632582214192], [12.789585150531583, 0.3137524130721363, 0.22420119432646424], [19.13600199664113, 0.3477516531239876, -0.17680448867765797], [8.947357294808672, 0.8616504862913119, -0.4412341428597687], [16.66115234936459, 0.5492910758331964, 0.014652918090232947], [12.563822636004641, 0.12031900434015186, -0.019210567805231005]]",47.2946700668335
12,12,8.16339057366105,"[[17.025726500051853, 0.9995906441103445, 0.27150917582495193], [19.55478518443563, 0.3134929997866349, 0.4471247508736903], [16.214626271069797, 0.46898630615788794, 0.31803458424223086], [12.773943579847577, 0.02868912098935139, 0.45264522279026886], [18.69585669924381, 0.9589175415014033, -0.15556632582214192], [12.789585150531583, 0.3137524130721363, 0.22420119432646424], [19.13600199664113, 0.3477516531239876, -0.17680448867765797], [8.947357294808672, 0.8616504862913119, -0.4412341428597687], [16.66115234936459, 0.5492910758331964, 0.014652918090232947], [12.563822636004641, 0.12031900434015186, -0.019210567805231005]]",51.23589257240295
13,13,8.16339057366105,"[[17.025726500051853, 0.9995906441103445, 0.27150917582495193], [19.55478518443563, 0.3134929997866349, 0.4471247508736903], [16.214626271069797, 0.46898630615788794, 0.31803458424223086], [12.773943579847577, 0.02868912098935139, 0.45264522279026886], [18.69585669924381, 0.9589175415014033, -0.15556632582214192], [12.789585150531583, 0.3137524130721363, 0.22420119432646424], [19.13600199664113, 0.3477516531239876, -0.17680448867765797], [8.947357294808672, 0.8616504862913119, -0.4412341428597687], [16.66115234936459, 0.5492910758331964, 0.014652918090232947], [12.563822636004641, 0.12031900434015186, -0.019210567805231005]]",55.17711507797241
14,14,8.16339057366105,"[[17.025726500051853, 0.9995906441103445, 0.27150917582495193], [19.55478518443563, 0.3134929997866349, 0.4471247508736903], [16.214626271069797, 0.46898630615788794, 0.31803458424223086], [12.773943579847577, 0.02868912098935139, 0.45264522279026886], [18.69585669924381, 0.9589175415014033, -0.15556632582214192], [12.789585150531583, 0.3137524130721363, 0.22420119432646424], [19.13600199664113, 0.3477516531239876, -0.17680448867765797], [8.947357294808672, 0.8616504862913119, -0.4412341428597687], [16.66115234936459, 0.5492910758331964, 0.014652918090232947], [12.563822636004641, 0.12031900434015186, -0.019210567805231005]]",59.11833758354187
15,15,8.16339057366105,"[[17.025726500051853, 0.9995906441103445, 0.27150917582495193], [19.55478518443563, 0.3134929997866349, 0.4471247508736903], [16.214626271069797, 0.46898630615788794, 0.31803458424223086], [12.773943579847577, 0.02868912098935139, 0.45264522279026886], [18.69585669924381, 0.9589175415014033, -0.15556632582214192], [12.789585150531583, 0.3137524130721363, 0.22420119432646424], [19.13600199664113, 0.3477516531239876, -0.17680448867765797], [8.947357294808672, 0.8616504862913119, -0.4412341428597687], [16.66115234936459, 0.5492910758331964, 0.014652918090232947], [12.563822636004641, 0.12031900434015186, -0.019210567805231005]]",63.05956008911133
16,16,8.16339057366105,"[[17.025726500051853, 0.9995906441103445, 0.27150917582495193], [19.55478518443563, 0.3134929997866349, 0.4471247508736903], [16.214626271069797, 0.46898630615788794, 0.31803458424223086], [12.773943579847577, 0.02868912098935139, 0.45264522279026886], [18.69585669924381, 0.9589175415014033, -0.15556632582214192], [12.789585150531583, 0.3137524130721363, 0.22420119432646424], [19.13600199664113, 0.3477516531239876, -0.17680448867765797], [8.947357294808672, 0.8616504862913119, -0.4412341428597687], [16.66115234936459, 0.5492910758331964, 0.014652918090232947], [12.563822636004641, 0.12031900434015186, -0.019210567805231005]]",67.00078259468079
17,17,8.16339057366105,"[[17.025726500051853, 0.9995906441103445, 0.27150917582495193], [19.55478518443563, 0.3134929997866349, 0.4471247508736903], [16.214626271069797, 0.46898630615788794, 0.31803458424223086], [12.773943579847577, 0.02868912098935139, 0.45264522279026886], [18.69585669924381, 0.9589175415014033, -0.15556632582214192], [12.789585150531583, 0.3137524130721363, 0.22420119432646424], [19.13600199664113, 0.3477516531239876, -0.17680448867765797], [8.947357294808672, 0.8616504862913119, -0.4412341428597687], [16.66115234936459, 0.5492910758331964, 0.014652918090232947], [12.563822636004641, 0.12031900434015186, -0.019210567805231005]]",70.94200510025024
18,18,8.16339057366105,"[[17.025726500051853, 0.9995906441103445, 0.27150917582495193], [19.55478518443563, 0.3134929997866349, 0.4471247508736903], [16.214626271069797, 0.46898630615788794, 0.31803458424223086], [12.773943579847577, 0.02868912098935139, 0.45264522279026886], [18.69585669924381, 0.9589175415014033, -0.15556632582214192], [12.789585150531583, 0.3137524130721363, 0.22420119432646424], [19.13600199664113, 0.3477516531239876, -0.17680448867765797], [8.947357294808672, 0.8616504862913119, -0.4412341428597687], [16.66115234936459, 0.5492910758331964, 0.014652918090232947], [12.563822636004641, 0.12031900434015186, -0.019210567805231005]]",74.8832276058197
19,19,8.16339057366105,"[[17.025726500051853, 0.9995906441103445, 0.27150917582495193], [19.55478518443563, 0.3134929997866349, 0.4471247508736903], [16.214626271069797, 0.46898630615788794, 0.31803458424223086], [12.773943579847577, 0.02868912098935139, 0.45264522279026886], [18.69585669924381, 0.9589175415014033, -0.15556632582214192], [12.789585150531583, 0.3137524130721363, 0.22420119432646424], [19.13600199664113, 0.3477516531239876, -0.17680448867765797], [8.947357294808672, 0.8616504862913119, -0.4412341428597687], [16.66115234936459, 0.5492910758331964, 0.014652918090232947], [12.563822636004641, 0.12031900434015186, -0.019210567805231005]]",78.82445011138915
20,20,8.16339057366105,"[[17.025726500051853, 0.9995906441103445, 0.27150917582495193], [19.55478518443563, 0.3134929997866349, 0.4471247508736903], [16.214626271069797, 0.46898630615788794, 0.31803458424223086], [12.773943579847577, 0.02868912098935139, 0.45264522279026886], [18.69585669924381, 0.9589175415014033, -0.15556632582214192], [12.789585150531583, 0.3137524130721363, 0.22420119432646424], [19.13600199664113, 0.3477516531239876, -0.17680448867765797], [8.947357294808672, 0.8616504862913119, -0.4412341428597687], [16.66115234936459, 0.5492910758331964, 0.014652918090232947], [12.563822636004641, 0.12031900434015186, -0.019210567805231005]]",82.76567261695862
21,21,8.16339057366105,"[[17.025726500051853, 0.9995906441103445, 0.27150917582495193], [19.55478518443563, 0.3134929997866349, 0.4471247508736903], [16.214626271069797, 0.46898630615788794, 0.31803458424223086], [12.773943579847577, 0.02868912098935139, 0.45264522279026886], [18.69585669924381, 0.9589175415014033, -0.15556632582214192], [12.789585150531583, 0.3137524130721363, 0.22420119432646424], [19.13600199664113, 0.3477516531239876, -0.17680448867765797], [8.947357294808672, 0.8616504862913119, -0.4412341428597687], [16.66115234936459, 0.5492910758331964, 0.014652918090232947], [12.563822636004641, 0.12031900434015186, -0.019210567805231005]]",86.70689512252808
22,22,8.16339057366105,"[[17.025726500051853, 0.9995906441103445, 0.27150917582495193], [19.55478518443563, 0.3134929997866349, 0.4471247508736903], [16.214626271069797, 0.46898630615788794, 0.31803458424223086], [12.773943579847577, 0.02868912098935139, 0.45264522279026886], [18.69585669924381, 0.9589175415014033, -0.15556632582214192], [12.789585150531583, 0.3137524130721363, 0.22420119432646424], [19.13600199664113, 0.3477516531239876, -0.17680448867765797], [8.947357294808672, 0.8616504862913119, -0.4412341428597687], [16.66115234936459, 0.5492910758331964, 0.014652918090232947], [12.563822636004641, 0.12031900434015186, -0.019210567805231005]]",90.64811762809754
23,23,8.16339057366105,"[[17.025726500051853, 0.9995906441103445, 0.27150917582495193], [19.55478518443563, 0.3134929997866349, 0.4471247508736903], [16.214626271069797, 0.46898630615788794, 0.31803458424223086], [12.773943579847577, 0.02868912098935139, 0.45264522279026886], [18.69585669924381, 0.9589175415014033, -0.15556632582214192], [12.789585150531583, 0.3137524130721363, 0.22420119432646424], [19.13600199664113, 0.3477516531239876, -0.17680448867765797], [8.947357294808672, 0.8616504862913119, -0.4412341428597687], [16.66115234936459, 0.5492910758331964, 0.014652918090232947], [12.563822636004641, 0.12031900434015186, -0.019210567805231005]]",94.589340133667
24,24,8.227302382858275,"[[14.98445244230128, 0.018352200203401448, -0.17014908682541086], [12.684487529040677, 0.41904917007612164, -0.09319572113601837], [14.870950164384322, 0.017929013438268804, 0.018060629447557708], [10.348404074897042, 0.2119747420256045, 0.3824037645813142], [3.546110145578134, 0.8824646820309258, -0.3260754170684249], [19.6623756653088, 0.4929114198744601, 0.39065372721701164], [18.064742140740407, 0.1675938120684889, -0.032261042201122914], [12.610539380574293, 0.7183259219254479, -0.34597091442431727], [11.432554069246283, 0.9844798011423415, -0.33208307278195814], [18.377035766684354, 0.837796695717668, -0.07569720142063019]]",98.53056263923645
25,25,8.227302382858275,"[[14.98445244230128, 0.018352200203401448, -0.17014908682541086], [12.684487529040677, 0.41904917007612164, -0.09319572113601837], [14.870950164384322, 0.017929013438268804, 0.018060629447557708], [10.348404074897042, 0.2119747420256045, 0.3824037645813142], [3.546110145578134, 0.8824646820309258, -0.3260754170684249], [19.6623756653088, 0.4929114198744601, 0.39065372721701164], [18.064742140740407, 0.1675938120684889, -0.032261042201122914], [12.610539380574293, 0.7183259219254479, -0.34597091442431727], [11.432554069246283, 0.9844798011423415, -0.33208307278195814], [18.377035766684354, 0.837796695717668, -0.07569720142063019]]",102.4717851448059
26,26,8.227302382858275,"[[14.98445244230128, 0.018352200203401448, -0.17014908682541086], [12.684487529040677, 0.41904917007612164, -0.09319572113601837], [14.870950164384322, 0.017929013438268804, 0.018060629447557708], [10.348404074897042, 0.2119747420256045, 0.3824037645813142], [3.546110145578134, 0.8824646820309258, -0.3260754170684249], [19.6623756653088, 0.4929114198744601, 0.39065372721701164], [18.064742140740407, 0.1675938120684889, -0.032261042201122914], [12.610539380574293, 0.7183259219254479, -0.34597091442431727], [11.432554069246283, 0.9844798011423415, -0.33208307278195814], [18.377035766684354, 0.837796695717668, -0.07569720142063019]]",106.41300765037536
27,27,8.227302382858275,"[[14.98445244230128, 0.018352200203401448, -0.17014908682541086], [12.684487529040677, 0.41904917007612164, -0.09319572113601837], [14.870950164384322, 0.017929013438268804, 0.018060629447557708], [10.348404074897042, 0.2119747420256045, 0.3824037645813142], [3.546110145578134, 0.8824646820309258, -0.3260754170684249], [19.6623756653088, 0.4929114198744601, 0.39065372721701164], [18.064742140740407, 0.1675938120684889, -0.032261042201122914], [12.610539380574293, 0.7183259219254479, -0.34597091442431727], [11.432554069246283, 0.9844798011423415, -0.33208307278195814], [18.377035766684354, 0.837796695717668, -0.07569720142063019]]",110.35423015594482
28,28,8.227302382858275,"[[14.98445244230128, 0.018352200203401448, -0.17014908682541086], [12.684487529040677, 0.41904917007612164, -0.09319572113601837], [14.870950164384322, 0.017929013438268804, 0.018060629447557708], [10.348404074897042, 0.2119747420256045, 0.3824037645813142], [3.546110145578134, 0.8824646820309258, -0.3260754170684249], [19.6623756653088, 0.4929114198744601, 0.39065372721701164], [18.064742140740407, 0.1675938120684889, -0.032261042201122914], [12.610539380574293, 0.7183259219254479, -0.34597091442431727], [11.432554069246283, 0.9844798011423415, -0.33208307278195814], [18.377035766684354, 0.837796695717668, -0.07569720142063019]]",114.29545266151428
29,29,8.227302382858275,"[[14.98445244230128, 0.018352200203401448, -0.17014908682541086], [12.684487529040677, 0.41904917007612164, -0.09319572113601837], [14.870950164384322, 0.017929013438268804, 0.018060629447557708], [10.348404074897042, 0.2119747420256045, 0.3824037645813142], [3.546110145578134, 0.8824646820309258, -0.3260754170684249], [19.6623756653088, 0.4929114198744601, 0.39065372721701164], [18.064742140740407, 0.1675938120684889, -0.032261042201122914], [12.610539380574293, 0.7183259219254479, -0.34597091442431727], [11.432554069246283, 0.9844798011423415, -0.33208307278195814], [18.377035766684354, 0.837796695717668, -0.07569720142063019]]",118.23667516708375
30,30,8.227302382858275,"[[14.98445244230128, 0.018352200203401448, -0.17014908682541086], [12.684487529040677, 0.41904917007612164, -0.09319572113601837], [14.870950164384322, 0.017929013438268804, 0.018060629447557708], [10.348404074897042, 0.2119747420256045, 0.3824037645813142], [3.546110145578134, 0.8824646820309258, -0.3260754170684249], [19.6623756653088, 0.4929114198744601, 0.39065372721701164], [18.064742140740407, 0.1675938120684889, -0.032261042201122914], [12.610539380574293, 0.7183259219254479, -0.34597091442431727], [11.432554069246283, 0.9844798011423415, -0.33208307278195814], [18.377035766684354, 0.837796695717668, -0.07569720142063019]]",122.1778976726532
31,31,8.227302382858275,"[[14.98445244230128, 0.018352200203401448, -0.17014908682541086], [12.684487529040677, 0.41904917007612164, -0.09319572113601837], [14.870950164384322, 0.017929013438268804, 0.018060629447557708], [10.348404074897042, 0.2119747420256045, 0.3824037645813142], [3.546110145578134, 0.8824646820309258, -0.3260754170684249], [19.6623756653088, 0.4929114198744601, 0.39065372721701164], [18.064742140740407, 0.1675938120684889, -0.032261042201122914], [12.610539380574293, 0.7183259219254479, -0.34597091442431727], [11.432554069246283, 0.9844798011423415, -0.33208307278195814], [18.377035766684354, 0.837796695717668, -0.07569720142063019]]",126.11912017822266
32,32,8.227302382858275,"[[14.98445244230128, 0.018352200203401448, -0.17014908682541086], [12.684487529040677, 0.41904917007612164, -0.09319572113601837], [14.870950164384322, 0.017929013438268804, 0.018060629447557708], [10.348404074897042, 0.2119747420256045, 0.3824037645813142], [3.546110145578134, 0.8824646820309258, -0.3260754170684249], [19.6623756653088, 0.4929114198744601, 0.39065372721701164], [18.064742140740407, 0.1675938120684889, -0.032261042201122914], [12.610539380574293, 0.7183259219254479, -0.34597091442431727], [11.432554069246283, 0.9844798011423415, -0.33208307278195814], [18.377035766684354, 0.837796695717668, -0.07569720142063019]]",130.0603426837921
33,33,8.227302382858275,"[[14.98445244230128, 0.018352200203401448, -0.17014908682541086], [12.684487529040677, 0.41904917007612164, -0.09319572113601837], [14.870950164384322, 0.017929013438268804, 0.018060629447557708], [10.348404074897042, 0.2119747420256045, 0.3824037645813142], [3.546110145578134, 0.8824646820309258, -0.3260754170684249], [19.6623756653088, 0.4929114198744601, 0.39065372721701164], [18.064742140740407, 0.1675938120684889, -0.032261042201122914], [12.610539380574293, 0.7183259219254479, -0.34597091442431727], [11.432554069246283, 0.9844798011423415, -0.33208307278195814], [18.377035766684354, 0.837796695717668, -0.07569720142063019]]",134.00156518936157
34,34,8.227302382858275,"[[14.98445244230128, 0.018352200203401448, -0.17014908682541086], [12.684487529040677, 0.41904917007612164, -0.09319572113601837], [14.870950164384322, 0.017929013438268804, 0.018060629447557708], [10.348404074897042, 0.2119747420256045, 0.3824037645813142], [3.546110145578134, 0.8824646820309258, -0.3260754170684249], [19.6623756653088, 0.4929114198744601, 0.39065372721701164], [18.064742140740407, 0.1675938120684889, -0.032261042201122914], [12.610539380574293, 0.7183259219254479, -0.34597091442431727], [11.432554069246283, 0.9844798011423415, -0.33208307278195814], [18.377035766684354, 0.837796695717668, -0.07569720142063019]]",137.94278769493104
35,35,8.227302382858275,"[[14.98445244230128, 0.018352200203401448, -0.17014908682541086], [12.684487529040677, 0.41904917007612164, -0.09319572113601837], [14.870950164384322, 0.017929013438268804, 0.018060629447557708], [10.348404074897042, 0.2119747420256045, 0.3824037645813142], [3.546110145578134, 0.8824646820309258, -0.3260754170684249], [19.6623756653088, 0.4929114198744601, 0.39065372721701164], [18.064742140740407, 0.1675938120684889, -0.032261042201122914], [12.610539380574293, 0.7183259219254479, -0.34597091442431727], [11.432554069246283, 0.9844798011423415, -0.33208307278195814], [18.377035766684354, 0.837796695717668, -0.07569720142063019]]",141.88401020050048
36,36,8.227302382858275,"[[14.98445244230128, 0.018352200203401448, -0.17014908682541086], [12.684487529040677, 0.41904917007612164, -0.09319572113601837], [14.870950164384322, 0.017929013438268804, 0.018060629447557708], [10.348404074897042, 0.2119747420256045, 0.3824037645813142], [3.546110145578134, 0.8824646820309258, -0.3260754170684249], [19.6623756653088, 0.4929114198744601, 0.39065372721701164], [18.064742140740407, 0.1675938120684889, -0.032261042201122914], [12.610539380574293, 0.7183259219254479, -0.34597091442431727], [11.432554069246283, 0.9844798011423415, -0.33208307278195814], [18.377035766684354, 0.837796695717668, -0.07569720142063019]]",145.82523270606995
37,37,8.227302382858275,"[[14.98445244230128, 0.018352200203401448, -0.17014908682541086], [12.684487529040677, 0.41904917007612164, -0.09319572113601837], [14.870950164384322, 0.017929013438268804, 0.018060629447557708], [10.348404074897042, 0.2119747420256045, 0.3824037645813142], [3.546110145578134, 0.8824646820309258, -0.3260754170684249], [19.6623756653088, 0.4929114198744601, 0.39065372721701164], [18.064742140740407, 0.1675938120684889, -0.032261042201122914], [12.610539380574293, 0.7183259219254479, -0.34597091442431727], [11.432554069246283, 0.9844798011423415, -0.33208307278195814], [18.377035766684354, 0.837796695717668, -0.07569720142063019]]",149.7664552116394
38,38,8.227302382858275,"[[14.98445244230128, 0.018352200203401448, -0.17014908682541086], [12.684487529040677, 0.41904917007612164, -0.09319572113601837], [14.870950164384322, 0.017929013438268804, 0.018060629447557708], [10.348404074897042, 0.2119747420256045, 0.3824037645813142], [3.546110145578134, 0.8824646820309258, -0.3260754170684249], [19.6623756653088, 0.4929114198744601, 0.39065372721701164], [18.064742140740407, 0.1675938120684889, -0.032261042201122914], [12.610539380574293, 0.7183259219254479, -0.34597091442431727], [11.432554069246283, 0.9844798011423415, -0.33208307278195814], [18.377035766684354, 0.837796695717668, -0.07569720142063019]]",153.70767771720887
39,39,8.227302382858275,"[[14.98445244230128, 0.018352200203401448, -0.17014908682541086], [12.684487529040677, 0.41904917007612164, -0.09319572113601837], [14.870950164384322, 0.017929013438268804, 0.018060629447557708], [10.348404074897042, 0.2119747420256045, 0.3824037645813142], [3.546110145578134, 0.8824646820309258, -0.3260754170684249], [19.6623756653088, 0.4929114198744601, 0.39065372721701164], [18.064742140740407, 0.1675938120684889, -0.032261042201122914], [12.610539380574293, 0.7183259219254479, -0.34597091442431727], [11.432554069246283, 0.9844798011423415, -0.33208307278195814], [18.377035766684354, 0.837796695717668, -0.07569720142063019]]",157.6489002227783
40,40,8.227302382858275,"[[14.98445244230128, 0.018352200203401448, -0.17014908682541086], [12.684487529040677, 0.41904917007612164, -0.09319572113601837], [14.870950164384322, 0.017929013438268804, 0.018060629447557708], [10.348404074897042, 0.2119747420256045, 0.3824037645813142], [3.546110145578134, 0.8824646820309258, -0.3260754170684249], [19.6623756653088, 0.4929114198744601, 0.39065372721701164], [18.064742140740407, 0.1675938120684889, -0.032261042201122914], [12.610539380574293, 0.7183259219254479, -0.34597091442431727], [11.432554069246283, 0.9844798011423415, -0.33208307278195814], [18.377035766684354, 0.837796695717668, -0.07569720142063019]]",161.59012272834778
41,41,8.227302382858275,"[[14.98445244230128, 0.018352200203401448, -0.17014908682541086], [12.684487529040677, 0.41904917007612164, -0.09319572113601837], [14.870950164384322, 0.017929013438268804, 0.018060629447557708], [10.348404074897042, 0.2119747420256045, 0.3824037645813142], [3.546110145578134, 0.8824646820309258, -0.3260754170684249], [19.6623756653088, 0.4929114198744601, 0.39065372721701164], [18.064742140740407, 0.1675938120684889, -0.032261042201122914], [12.610539380574293, 0.7183259219254479, -0.34597091442431727], [11.432554069246283, 0.9844798011423415, -0.33208307278195814], [18.377035766684354, 0.837796695717668, -0.07569720142063019]]",165.53134523391725
42,42,8.227302382858275,"[[14.98445244230128, 0.018352200203401448, -0.17014908682541086], [12.684487529040677, 0.41904917007612164, -0.09319572113601837], [14.870950164384322, 0.017929013438268804, 0.018060629447557708], [10.348404074897042, 0.2119747420256045, 0.3824037645813142], [3.546110145578134, 0.8824646820309258, -0.3260754170684249], [19.6623756653088, 0.4929114198744601, 0.39065372721701164], [18.064742140740407, 0.1675938120684889, -0.032261042201122914], [12.610539380574293, 0.7183259219254479, -0.34597091442431727], [11.432554069246283, 0.9844798011423415, -0.33208307278195814], [18.377035766684354, 0.837796695717668, -0.07569720142063019]]",169.4725677394867
43,43,8.227302382858275,"[[14.98445244230128, 0.018352200203401448, -0.17014908682541086], [12.684487529040677, 0.41904917007612164, -0.09319572113601837], [14.870950164384322, 0.017929013438268804, 0.018060629447557708], [10.348404074897042, 0.2119747420256045, 0.3824037645813142], [3.546110145578134, 0.8824646820309258, -0.3260754170684249], [19.6623756653088, 0.4929114198744601, 0.39065372721701164], [18.064742140740407, 0.1675938120684889, -0.032261042201122914], [12.610539380574293, 0.7183259219254479, -0.34597091442431727], [11.432554069246283, 0.9844798011423415, -0.33208307278195814], [18.377035766684354, 0.837796695717668, -0.07569720142063019]]",173.41379024505616
44,44,8.227302382858275,"[[14.98445244230128, 0.018352200203401448, -0.17014908682541086], [12.684487529040677, 0.41904917007612164, -0.09319572113601837], [14.870950164384322, 0.017929013438268804, 0.018060629447557708], [10.348404074897042, 0.2119747420256045, 0.3824037645813142], [3.546110145578134, 0.8824646820309258, -0.3260754170684249], [19.6623756653088, 0.4929114198744601, 0.39065372721701164], [18.064742140740407, 0.1675938120684889, -0.032261042201122914], [12.610539380574293, 0.7183259219254479, -0.34597091442431727], [11.432554069246283, 0.9844798011423415, -0.33208307278195814], [18.377035766684354, 0.837796695717668, -0.07569720142063019]]",177.3550127506256
45,45,8.227302382858275,"[[14.98445244230128, 0.018352200203401448, -0.17014908682541086], [12.684487529040677, 0.41904917007612164, -0.09319572113601837], [14.870950164384322, 0.017929013438268804, 0.018060629447557708], [10.348404074897042, 0.2119747420256045, 0.3824037645813142], [3.546110145578134, 0.8824646820309258, -0.3260754170684249], [19.6623756653088, 0.4929114198744601, 0.39065372721701164], [18.064742140740407, 0.1675938120684889, -0.032261042201122914], [12.610539380574293, 0.7183259219254479, -0.34597091442431727], [11.432554069246283, 0.9844798011423415, -0.33208307278195814], [18.377035766684354, 0.837796695717668, -0.07569720142063019]]",181.29623525619508
46,46,8.227302382858275,"[[14.98445244230128, 0.018352200203401448, -0.17014908682541086], [12.684487529040677, 0.41904917007612164, -0.09319572113601837], [14.870950164384322, 0.017929013438268804, 0.018060629447557708], [10.348404074897042, 0.2119747420256045, 0.3824037645813142], [3.546110145578134, 0.8824646820309258, -0.3260754170684249], [19.6623756653088, 0.4929114198744601, 0.39065372721701164], [18.064742140740407, 0.1675938120684889, -0.032261042201122914], [12.610539380574293, 0.7183259219254479, -0.34597091442431727], [11.432554069246283, 0.9844798011423415, -0.33208307278195814], [18.377035766684354, 0.837796695717668, -0.07569720142063019]]",185.23745776176452
47,47,8.227302382858275,"[[14.98445244230128, 0.018352200203401448, -0.17014908682541086], [12.684487529040677, 0.41904917007612164, -0.09319572113601837], [14.870950164384322, 0.017929013438268804, 0.018060629447557708], [10.348404074897042, 0.2119747420256045, 0.3824037645813142], [3.546110145578134, 0.8824646820309258, -0.3260754170684249], [19.6623756653088, 0.4929114198744601, 0.39065372721701164], [18.064742140740407, 0.1675938120684889, -0.032261042201122914], [12.610539380574293, 0.7183259219254479, -0.34597091442431727], [11.432554069246283, 0.9844798011423415, -0.33208307278195814], [18.377035766684354, 0.837796695717668, -0.07569720142063019]]",189.178680267334
48,48,8.227302382858275,"[[14.98445244230128, 0.018352200203401448, -0.17014908682541086], [12.684487529040677, 0.41904917007612164, -0.09319572113601837], [14.870950164384322, 0.017929013438268804, 0.018060629447557708], [10.348404074897042, 0.2119747420256045, 0.3824037645813142], [3.546110145578134, 0.8824646820309258, -0.3260754170684249], [19.6623756653088, 0.4929114198744601, 0.39065372721701164], [18.064742140740407, 0.1675938120684889, -0.032261042201122914], [12.610539380574293, 0.7183259219254479, -0.34597091442431727], [11.432554069246283, 0.9844798011423415, -0.33208307278195814], [18.377035766684354, 0.837796695717668, -0.07569720142063019]]",193.11990277290343
49,49,8.227302382858275,"[[14.98445244230128, 0.018352200203401448, -0.17014908682541086], [12.684487529040677, 0.41904917007612164, -0.09319572113601837], [14.870950164384322, 0.017929013438268804, 0.018060629447557708], [10.348404074897042, 0.2119747420256045, 0.3824037645813142], [3.546110145578134, 0.8824646820309258, -0.3260754170684249], [19.6623756653088, 0.4929114198744601, 0.39065372721701164], [18.064742140740407, 0.1675938120684889, -0.032261042201122914], [12.610539380574293, 0.7183259219254479, -0.34597091442431727], [11.432554069246283, 0.9844798011423415, -0.33208307278195814], [18.377035766684354, 0.837796695717668, -0.07569720142063019]]",197.0611252784729
